name;suspiciousness_value
org.apache.commons.csv$CSVParser#initializeHeader():367;0.5773502691896258
org.apache.commons.csv$CSVFormat#getAllowMissingColumnNames():505;0.5
org.apache.commons.csv$CSVParser#initializeHeader():348;0.30151134457776363
org.apache.commons.csv$CSVParser#initializeHeader():349;0.30151134457776363
org.apache.commons.csv$CSVParser#initializeHeader():350;0.30151134457776363
org.apache.commons.csv$CSVParser#initializeHeader():352;0.30151134457776363
org.apache.commons.csv$CSVParser#initializeHeader():343;0.25
org.apache.commons.csv$CSVParser#initializeHeader():345;0.25
org.apache.commons.csv$CSVParser#initializeHeader():346;0.25
org.apache.commons.csv$CSVParser#initializeHeader():360;0.25
org.apache.commons.csv$CSVParser#initializeHeader():361;0.25
org.apache.commons.csv$CSVParser#initializeHeader():362;0.25
org.apache.commons.csv$CSVParser#initializeHeader():363;0.25
org.apache.commons.csv$CSVParser#initializeHeader():364;0.25
org.apache.commons.csv$CSVParser#initializeHeader():365;0.25
org.apache.commons.csv$CSVParser#initializeHeader():370;0.25
org.apache.commons.csv$Lexer#nextToken(org.apache.commons.csv.Token):145;0.22360679774997896
org.apache.commons.csv$CSVFormat#CSVFormat(char,java.lang.Character,org.apache.commons.csv.QuoteMode,java.lang.Character,java.lang.Character,boolean,boolean,java.lang.String,java.lang.String,java.lang.String[],boolean,boolean):369;0.2182178902359924
org.apache.commons.csv$CSVFormat#CSVFormat(char,java.lang.Character,org.apache.commons.csv.QuoteMode,java.lang.Character,java.lang.Character,boolean,boolean,java.lang.String,java.lang.String,java.lang.String[],boolean,boolean):362;0.21320071635561041
org.apache.commons.csv$CSVFormat#CSVFormat(char,java.lang.Character,org.apache.commons.csv.QuoteMode,java.lang.Character,java.lang.Character,boolean,boolean,java.lang.String,java.lang.String,java.lang.String[],boolean,boolean):363;0.21320071635561041
org.apache.commons.csv$CSVFormat#withHeader(java.lang.String[]):849;0.21320071635561041
org.apache.commons.csv$Lexer#nextToken(org.apache.commons.csv.Token):149;0.21320071635561041
org.apache.commons.csv$Lexer#readEndOfLine(int):367;0.21320071635561041
org.apache.commons.csv$CSVRecord#values():242;0.19245008972987526
org.apache.commons.csv$CSVParser#parse(java.lang.String,org.apache.commons.csv.CSVFormat):178;0.17149858514250882
org.apache.commons.csv$CSVParser#parse(java.lang.String,org.apache.commons.csv.CSVFormat):176;0.1690308509457033
org.apache.commons.csv$CSVParser#parse(java.lang.String,org.apache.commons.csv.CSVFormat):175;0.16666666666666666
org.apache.commons.csv$ExtendedBufferedReader#lookAhead():140;0.16222142113076254
org.apache.commons.csv$ExtendedBufferedReader#lookAhead():141;0.16222142113076254
org.apache.commons.csv$ExtendedBufferedReader#lookAhead():142;0.16222142113076254
org.apache.commons.csv$ExtendedBufferedReader#lookAhead():144;0.16222142113076254
org.apache.commons.csv$CSVParser#nextRecord():453;0.14433756729740646
org.apache.commons.csv$CSVParser#nextRecord():454;0.14433756729740646
org.apache.commons.csv$CSVParser#nextRecord():456;0.14002800840280097
org.apache.commons.csv$CSVParser#nextRecord():457;0.14002800840280097
org.apache.commons.csv$CSVParser#addRecordValue():255;0.1386750490563073
org.apache.commons.csv$CSVParser#addRecordValue():252;0.13608276348795434
org.apache.commons.csv$CSVParser#addRecordValue():253;0.13608276348795434
org.apache.commons.csv$CSVParser#addRecordValue():254;0.13608276348795434
org.apache.commons.csv$CSVParser#addRecordValue():259;0.13608276348795434
org.apache.commons.csv$CSVParser#nextRecord():480;0.13608276348795434
org.apache.commons.csv$CSVParser#nextRecord():481;0.13608276348795434
org.apache.commons.csv$CSVParser#nextRecord():482;0.13608276348795434
org.apache.commons.csv$Token#reset():61;0.1336306209562122
org.apache.commons.csv$Token#reset():62;0.1336306209562122
org.apache.commons.csv$Token#reset():63;0.1336306209562122
org.apache.commons.csv$Token#reset():64;0.1336306209562122
org.apache.commons.csv$CSVParser#nextRecord():445;0.1336306209562122
org.apache.commons.csv$CSVParser#nextRecord():446;0.1336306209562122
org.apache.commons.csv$CSVParser#nextRecord():447;0.1336306209562122
org.apache.commons.csv$CSVParser#nextRecord():449;0.1336306209562122
org.apache.commons.csv$CSVParser#nextRecord():450;0.1336306209562122
org.apache.commons.csv$CSVParser#nextRecord():451;0.1336306209562122
org.apache.commons.csv$CSVParser#nextRecord():477;0.1336306209562122
org.apache.commons.csv$CSVParser#nextRecord():479;0.1336306209562122
org.apache.commons.csv$CSVParser#nextRecord():485;0.1336306209562122
org.apache.commons.csv$CSVParser$2#<clinit>():451;0.1336306209562122
org.apache.commons.csv$CSVFormat#getNullString():542;0.13245323570650439
org.apache.commons.csv$CSVParser#CSVParser(java.io.Reader,org.apache.commons.csv.CSVFormat):246;0.13245323570650439
org.apache.commons.csv$CSVParser#CSVParser(java.io.Reader,org.apache.commons.csv.CSVFormat):247;0.13245323570650439
org.apache.commons.csv$CSVParser#CSVParser(java.io.Reader,org.apache.commons.csv.CSVFormat):248;0.13245323570650439
org.apache.commons.csv$CSVParser#initializeHeader():340;0.13245323570650439
org.apache.commons.csv$CSVParser#initializeHeader():341;0.13245323570650439
org.apache.commons.csv$CSVParser#initializeHeader():342;0.13245323570650439
org.apache.commons.csv$Lexer#parseSimpleToken(org.apache.commons.csv.Token,int):197;0.13130643285972254
org.apache.commons.csv$Lexer#parseSimpleToken(org.apache.commons.csv.Token,int):198;0.13130643285972254
org.apache.commons.csv$CSVParser#CSVParser(java.io.Reader,org.apache.commons.csv.CSVFormat):244;0.13130643285972254
org.apache.commons.csv$CSVParser#CSVParser(java.io.Reader,org.apache.commons.csv.CSVFormat):242;0.13018891098082389
org.apache.commons.csv$CSVParser#CSVParser(java.io.Reader,org.apache.commons.csv.CSVFormat):219;0.13018891098082389
org.apache.commons.csv$CSVParser#CSVParser(java.io.Reader,org.apache.commons.csv.CSVFormat):223;0.13018891098082389
org.apache.commons.csv$CSVParser#CSVParser(java.io.Reader,org.apache.commons.csv.CSVFormat):243;0.13018891098082389
org.apache.commons.csv$ExtendedBufferedReader#read():58;0.12403473458920847
org.apache.commons.csv$CSVRecord#CSVRecord(java.lang.String[],java.util.Map,java.lang.String,long):52;0.1203858530857692
org.apache.commons.csv$CSVRecord#CSVRecord(java.lang.String[],java.util.Map,java.lang.String,long):53;0.1203858530857692
org.apache.commons.csv$CSVRecord#CSVRecord(java.lang.String[],java.util.Map,java.lang.String,long):54;0.1203858530857692
org.apache.commons.csv$CSVRecord#CSVRecord(java.lang.String[],java.util.Map,java.lang.String,long):55;0.1203858530857692
org.apache.commons.csv$CSVRecord#CSVRecord(java.lang.String[],java.util.Map,java.lang.String,long):56;0.1203858530857692
org.apache.commons.csv$CSVRecord#CSVRecord(java.lang.String[],java.util.Map,java.lang.String,long):57;0.1203858530857692
org.apache.commons.csv$CSVRecord#<clinit>():35;0.1203858530857692
org.apache.commons.csv$Lexer#parseSimpleToken(org.apache.commons.csv.Token,int):213;0.11322770341445956
org.apache.commons.csv$Lexer#parseSimpleToken(org.apache.commons.csv.Token,int):217;0.11322770341445956
org.apache.commons.csv$Lexer#nextToken(org.apache.commons.csv.Token):153;0.1125087900926024
org.apache.commons.csv$Lexer#nextToken(org.apache.commons.csv.Token):161;0.1125087900926024
org.apache.commons.csv$Lexer#nextToken(org.apache.commons.csv.Token):164;0.1125087900926024
org.apache.commons.csv$Lexer#parseSimpleToken(org.apache.commons.csv.Token,int):189;0.1125087900926024
org.apache.commons.csv$Lexer#parseSimpleToken(org.apache.commons.csv.Token,int):192;0.1125087900926024
org.apache.commons.csv$Lexer#parseSimpleToken(org.apache.commons.csv.Token,int):196;0.1125087900926024
org.apache.commons.csv$Lexer#parseSimpleToken(org.apache.commons.csv.Token,int):199;0.1125087900926024
org.apache.commons.csv$Lexer#parseSimpleToken(org.apache.commons.csv.Token,int):208;0.1125087900926024
org.apache.commons.csv$Lexer#parseSimpleToken(org.apache.commons.csv.Token,int):209;0.1125087900926024
org.apache.commons.csv$Lexer#nextToken(org.apache.commons.csv.Token):119;0.11180339887498948
org.apache.commons.csv$Lexer#nextToken(org.apache.commons.csv.Token):133;0.11180339887498948
org.apache.commons.csv$Lexer#nextToken(org.apache.commons.csv.Token):135;0.11180339887498948
org.apache.commons.csv$Lexer#nextToken(org.apache.commons.csv.Token):143;0.11180339887498948
org.apache.commons.csv$Lexer#nextToken(org.apache.commons.csv.Token):146;0.11180339887498948
org.apache.commons.csv$Lexer#nextToken(org.apache.commons.csv.Token):150;0.11180339887498948
org.apache.commons.csv$Lexer#isStartOfLine(int):390;0.11180339887498948
org.apache.commons.csv$Lexer#isEscape(int):405;0.11180339887498948
org.apache.commons.csv$Lexer#isQuoteChar(int):409;0.11180339887498948
org.apache.commons.csv$Lexer#isCommentStart(int):413;0.11180339887498948
org.apache.commons.csv$Lexer#nextToken(org.apache.commons.csv.Token):86;0.11043152607484653
org.apache.commons.csv$Lexer#nextToken(org.apache.commons.csv.Token):89;0.11043152607484653
org.apache.commons.csv$Lexer#nextToken(org.apache.commons.csv.Token):94;0.11043152607484653
org.apache.commons.csv$Lexer#nextToken(org.apache.commons.csv.Token):97;0.11043152607484653
org.apache.commons.csv$Lexer#nextToken(org.apache.commons.csv.Token):113;0.11043152607484653
org.apache.commons.csv$Lexer#readEndOfLine(int):365;0.11043152607484653
org.apache.commons.csv$Lexer#readEndOfLine(int):369;0.11043152607484653
org.apache.commons.csv$Lexer#isEndOfFile(int):397;0.11043152607484653
org.apache.commons.csv$Lexer#isDelimiter(int):401;0.11043152607484653
org.apache.commons.csv$Lexer#Lexer(org.apache.commons.csv.CSVFormat,org.apache.commons.csv.ExtendedBufferedReader):62;0.10976425998969035
org.apache.commons.csv$Lexer#Lexer(org.apache.commons.csv.CSVFormat,org.apache.commons.csv.ExtendedBufferedReader):63;0.10976425998969035
org.apache.commons.csv$Lexer#Lexer(org.apache.commons.csv.CSVFormat,org.apache.commons.csv.ExtendedBufferedReader):64;0.10976425998969035
org.apache.commons.csv$Lexer#Lexer(org.apache.commons.csv.CSVFormat,org.apache.commons.csv.ExtendedBufferedReader):65;0.10976425998969035
org.apache.commons.csv$Lexer#Lexer(org.apache.commons.csv.CSVFormat,org.apache.commons.csv.ExtendedBufferedReader):66;0.10976425998969035
org.apache.commons.csv$Lexer#Lexer(org.apache.commons.csv.CSVFormat,org.apache.commons.csv.ExtendedBufferedReader):67;0.10976425998969035
org.apache.commons.csv$Lexer#Lexer(org.apache.commons.csv.CSVFormat,org.apache.commons.csv.ExtendedBufferedReader):68;0.10976425998969035
org.apache.commons.csv$Lexer#Lexer(org.apache.commons.csv.CSVFormat,org.apache.commons.csv.ExtendedBufferedReader):69;0.10976425998969035
org.apache.commons.csv$Lexer#Lexer(org.apache.commons.csv.CSVFormat,org.apache.commons.csv.ExtendedBufferedReader):70;0.10976425998969035
org.apache.commons.csv$Lexer#mapNullToDisabled(java.lang.Character):292;0.10976425998969035
org.apache.commons.csv$CSVFormat#getIgnoreSurroundingSpaces():525;0.10846522890932808
org.apache.commons.csv$ExtendedBufferedReader#getLastChar():73;0.10846522890932808
org.apache.commons.csv$CSVFormat#getIgnoreEmptyLines():515;0.10783277320343841
org.apache.commons.csv$ExtendedBufferedReader#read():56;0.10783277320343841
org.apache.commons.csv$ExtendedBufferedReader#read():57;0.10783277320343841
org.apache.commons.csv$ExtendedBufferedReader#read():60;0.10783277320343841
org.apache.commons.csv$ExtendedBufferedReader#read():61;0.10783277320343841
org.apache.commons.csv$CSVFormat#getCommentMarker():468;0.10660035817780521
org.apache.commons.csv$ExtendedBufferedReader#ExtendedBufferedReader(java.io.Reader):51;0.10660035817780521
org.apache.commons.csv$ExtendedBufferedReader#ExtendedBufferedReader(java.io.Reader):40;0.10660035817780521
org.apache.commons.csv$ExtendedBufferedReader#ExtendedBufferedReader(java.io.Reader):43;0.10660035817780521
org.apache.commons.csv$ExtendedBufferedReader#ExtendedBufferedReader(java.io.Reader):52;0.10660035817780521
org.apache.commons.csv$Token#Token():29;0.105999788000636
org.apache.commons.csv$Token#Token():52;0.105999788000636
org.apache.commons.csv$Token#Token():55;0.105999788000636
org.apache.commons.csv$Token$Type#Token$Type(java.lang.String,int):34;0.105999788000636
org.apache.commons.csv$Token$Type#<clinit>():36;0.105999788000636
org.apache.commons.csv$Token$Type#<clinit>():39;0.105999788000636
org.apache.commons.csv$Token$Type#<clinit>():42;0.105999788000636
org.apache.commons.csv$Token$Type#<clinit>():45;0.105999788000636
org.apache.commons.csv$Token$Type#<clinit>():48;0.105999788000636
org.apache.commons.csv$Token$Type#<clinit>():34;0.105999788000636
org.apache.commons.csv$CSVFormat#getEscapeCharacter():486;0.10540925533894598
org.apache.commons.csv$CSVFormat#getHeader():495;0.10206207261596577
org.apache.commons.csv$Assertions#notNull(java.lang.Object,java.lang.String):35;0.09950371902099892
org.apache.commons.csv$Assertions#notNull(java.lang.Object,java.lang.String):32;0.09667364890456635
org.apache.commons.csv$CSVFormat#getQuoteCharacter():551;0.0944911182523068
org.apache.commons.csv$CSVFormat#getDelimiter():477;0.09090909090909091
org.apache.commons.csv$CSVFormat#CSVFormat(char,java.lang.Character,org.apache.commons.csv.QuoteMode,java.lang.Character,java.lang.Character,boolean,boolean,java.lang.String,java.lang.String,java.lang.String[],boolean,boolean):345;0.07692307692307693
org.apache.commons.csv$CSVFormat#CSVFormat(char,java.lang.Character,org.apache.commons.csv.QuoteMode,java.lang.Character,java.lang.Character,boolean,boolean,java.lang.String,java.lang.String,java.lang.String[],boolean,boolean):346;0.07692307692307693
org.apache.commons.csv$CSVFormat#CSVFormat(char,java.lang.Character,org.apache.commons.csv.QuoteMode,java.lang.Character,java.lang.Character,boolean,boolean,java.lang.String,java.lang.String,java.lang.String[],boolean,boolean):349;0.07692307692307693
org.apache.commons.csv$CSVFormat#CSVFormat(char,java.lang.Character,org.apache.commons.csv.QuoteMode,java.lang.Character,java.lang.Character,boolean,boolean,java.lang.String,java.lang.String,java.lang.String[],boolean,boolean):350;0.07692307692307693
org.apache.commons.csv$CSVFormat#CSVFormat(char,java.lang.Character,org.apache.commons.csv.QuoteMode,java.lang.Character,java.lang.Character,boolean,boolean,java.lang.String,java.lang.String,java.lang.String[],boolean,boolean):351;0.07692307692307693
org.apache.commons.csv$CSVFormat#CSVFormat(char,java.lang.Character,org.apache.commons.csv.QuoteMode,java.lang.Character,java.lang.Character,boolean,boolean,java.lang.String,java.lang.String,java.lang.String[],boolean,boolean):352;0.07692307692307693
org.apache.commons.csv$CSVFormat#CSVFormat(char,java.lang.Character,org.apache.commons.csv.QuoteMode,java.lang.Character,java.lang.Character,boolean,boolean,java.lang.String,java.lang.String,java.lang.String[],boolean,boolean):353;0.07692307692307693
org.apache.commons.csv$CSVFormat#CSVFormat(char,java.lang.Character,org.apache.commons.csv.QuoteMode,java.lang.Character,java.lang.Character,boolean,boolean,java.lang.String,java.lang.String,java.lang.String[],boolean,boolean):354;0.07692307692307693
org.apache.commons.csv$CSVFormat#CSVFormat(char,java.lang.Character,org.apache.commons.csv.QuoteMode,java.lang.Character,java.lang.Character,boolean,boolean,java.lang.String,java.lang.String,java.lang.String[],boolean,boolean):355;0.07692307692307693
org.apache.commons.csv$CSVFormat#CSVFormat(char,java.lang.Character,org.apache.commons.csv.QuoteMode,java.lang.Character,java.lang.Character,boolean,boolean,java.lang.String,java.lang.String,java.lang.String[],boolean,boolean):356;0.07692307692307693
org.apache.commons.csv$CSVFormat#CSVFormat(char,java.lang.Character,org.apache.commons.csv.QuoteMode,java.lang.Character,java.lang.Character,boolean,boolean,java.lang.String,java.lang.String,java.lang.String[],boolean,boolean):357;0.07692307692307693
org.apache.commons.csv$CSVFormat#CSVFormat(char,java.lang.Character,org.apache.commons.csv.QuoteMode,java.lang.Character,java.lang.Character,boolean,boolean,java.lang.String,java.lang.String,java.lang.String[],boolean,boolean):358;0.07692307692307693
org.apache.commons.csv$CSVFormat#CSVFormat(char,java.lang.Character,org.apache.commons.csv.QuoteMode,java.lang.Character,java.lang.Character,boolean,boolean,java.lang.String,java.lang.String,java.lang.String[],boolean,boolean):359;0.07692307692307693
org.apache.commons.csv$CSVFormat#CSVFormat(char,java.lang.Character,org.apache.commons.csv.QuoteMode,java.lang.Character,java.lang.Character,boolean,boolean,java.lang.String,java.lang.String,java.lang.String[],boolean,boolean):360;0.07692307692307693
org.apache.commons.csv$CSVFormat#CSVFormat(char,java.lang.Character,org.apache.commons.csv.QuoteMode,java.lang.Character,java.lang.Character,boolean,boolean,java.lang.String,java.lang.String,java.lang.String[],boolean,boolean):371;0.07692307692307693
org.apache.commons.csv$CSVFormat#CSVFormat(char,java.lang.Character,org.apache.commons.csv.QuoteMode,java.lang.Character,java.lang.Character,boolean,boolean,java.lang.String,java.lang.String,java.lang.String[],boolean,boolean):372;0.07692307692307693
org.apache.commons.csv$CSVFormat#CSVFormat(char,java.lang.Character,org.apache.commons.csv.QuoteMode,java.lang.Character,java.lang.Character,boolean,boolean,java.lang.String,java.lang.String,java.lang.String[],boolean,boolean):373;0.07692307692307693
org.apache.commons.csv$CSVFormat#<clinit>():175;0.07692307692307693
org.apache.commons.csv$CSVFormat#<clinit>():191;0.07692307692307693
org.apache.commons.csv$CSVFormat#<clinit>():219;0.07692307692307693
org.apache.commons.csv$CSVFormat#<clinit>():234;0.07692307692307693
org.apache.commons.csv$CSVFormat#<clinit>():260;0.07692307692307693
org.apache.commons.csv$CSVFormat#isLineBreak(char):277;0.07692307692307693
org.apache.commons.csv$CSVFormat#isLineBreak(java.lang.Character):289;0.07692307692307693
org.apache.commons.csv$CSVFormat#validate():717;0.07692307692307693
org.apache.commons.csv$CSVFormat#validate():722;0.07692307692307693
org.apache.commons.csv$CSVFormat#validate():727;0.07692307692307693
org.apache.commons.csv$CSVFormat#validate():732;0.07692307692307693
org.apache.commons.csv$CSVFormat#validate():737;0.07692307692307693
org.apache.commons.csv$CSVFormat#validate():742;0.07692307692307693
org.apache.commons.csv$CSVFormat#validate():745;0.07692307692307693
org.apache.commons.csv$CSVFormat#withDelimiter(char):792;0.07692307692307693
org.apache.commons.csv$CSVFormat#withDelimiter(char):795;0.07692307692307693
org.apache.commons.csv$CSVFormat#withEscape(char):810;0.07692307692307693
org.apache.commons.csv$CSVFormat#withEscape(java.lang.Character):823;0.07692307692307693
org.apache.commons.csv$CSVFormat#withEscape(java.lang.Character):826;0.07692307692307693
org.apache.commons.csv$CSVFormat#withIgnoreEmptyLines(boolean):877;0.07692307692307693
org.apache.commons.csv$CSVFormat#withIgnoreSurroundingSpaces(boolean):891;0.07692307692307693
org.apache.commons.csv$CSVFormat#withQuote(java.lang.Character):940;0.07692307692307693
org.apache.commons.csv$CSVFormat#withQuote(java.lang.Character):943;0.07692307692307693
org.apache.commons.csv$CSVFormat#withRecordSeparator(char):974;0.07692307692307693
org.apache.commons.csv$CSVFormat#withRecordSeparator(java.lang.String):991;0.07692307692307693
org.apache.commons.csv$Constants#<clinit>():36;0.07692307692307693
org.apache.commons.csv$QuoteMode#QuoteMode(java.lang.String,int):24;0.07692307692307693
org.apache.commons.csv$QuoteMode#<clinit>():29;0.07692307692307693
org.apache.commons.csv$QuoteMode#<clinit>():35;0.07692307692307693
org.apache.commons.csv$QuoteMode#<clinit>():40;0.07692307692307693
org.apache.commons.csv$QuoteMode#<clinit>():47;0.07692307692307693
org.apache.commons.csv$QuoteMode#<clinit>():24;0.07692307692307693
org.apache.commons.csv$CSVFormat#CSVFormat(char,java.lang.Character,org.apache.commons.csv.QuoteMode,java.lang.Character,java.lang.Character,boolean,boolean,java.lang.String,java.lang.String,java.lang.String[],boolean,boolean):347;0.0
org.apache.commons.csv$CSVFormat#CSVFormat(char,java.lang.Character,org.apache.commons.csv.QuoteMode,java.lang.Character,java.lang.Character,boolean,boolean,java.lang.String,java.lang.String,java.lang.String[],boolean,boolean):364;0.0
org.apache.commons.csv$CSVFormat#CSVFormat(char,java.lang.Character,org.apache.commons.csv.QuoteMode,java.lang.Character,java.lang.Character,boolean,boolean,java.lang.String,java.lang.String,java.lang.String[],boolean,boolean):365;0.0
org.apache.commons.csv$CSVFormat#newFormat(char):310;0.0
org.apache.commons.csv$CSVFormat#equals(java.lang.Object):377;0.0
org.apache.commons.csv$CSVFormat#equals(java.lang.Object):378;0.0
org.apache.commons.csv$CSVFormat#equals(java.lang.Object):380;0.0
org.apache.commons.csv$CSVFormat#equals(java.lang.Object):381;0.0
org.apache.commons.csv$CSVFormat#equals(java.lang.Object):383;0.0
org.apache.commons.csv$CSVFormat#equals(java.lang.Object):384;0.0
org.apache.commons.csv$CSVFormat#equals(java.lang.Object):387;0.0
org.apache.commons.csv$CSVFormat#equals(java.lang.Object):388;0.0
org.apache.commons.csv$CSVFormat#equals(java.lang.Object):389;0.0
org.apache.commons.csv$CSVFormat#equals(java.lang.Object):391;0.0
org.apache.commons.csv$CSVFormat#equals(java.lang.Object):392;0.0
org.apache.commons.csv$CSVFormat#equals(java.lang.Object):394;0.0
org.apache.commons.csv$CSVFormat#equals(java.lang.Object):395;0.0
org.apache.commons.csv$CSVFormat#equals(java.lang.Object):396;0.0
org.apache.commons.csv$CSVFormat#equals(java.lang.Object):398;0.0
org.apache.commons.csv$CSVFormat#equals(java.lang.Object):399;0.0
org.apache.commons.csv$CSVFormat#equals(java.lang.Object):401;0.0
org.apache.commons.csv$CSVFormat#equals(java.lang.Object):402;0.0
org.apache.commons.csv$CSVFormat#equals(java.lang.Object):403;0.0
org.apache.commons.csv$CSVFormat#equals(java.lang.Object):405;0.0
org.apache.commons.csv$CSVFormat#equals(java.lang.Object):406;0.0
org.apache.commons.csv$CSVFormat#equals(java.lang.Object):408;0.0
org.apache.commons.csv$CSVFormat#equals(java.lang.Object):409;0.0
org.apache.commons.csv$CSVFormat#equals(java.lang.Object):410;0.0
org.apache.commons.csv$CSVFormat#equals(java.lang.Object):412;0.0
org.apache.commons.csv$CSVFormat#equals(java.lang.Object):413;0.0
org.apache.commons.csv$CSVFormat#equals(java.lang.Object):415;0.0
org.apache.commons.csv$CSVFormat#equals(java.lang.Object):416;0.0
org.apache.commons.csv$CSVFormat#equals(java.lang.Object):417;0.0
org.apache.commons.csv$CSVFormat#equals(java.lang.Object):419;0.0
org.apache.commons.csv$CSVFormat#equals(java.lang.Object):420;0.0
org.apache.commons.csv$CSVFormat#equals(java.lang.Object):422;0.0
org.apache.commons.csv$CSVFormat#equals(java.lang.Object):423;0.0
org.apache.commons.csv$CSVFormat#equals(java.lang.Object):425;0.0
org.apache.commons.csv$CSVFormat#equals(java.lang.Object):426;0.0
org.apache.commons.csv$CSVFormat#equals(java.lang.Object):428;0.0
org.apache.commons.csv$CSVFormat#equals(java.lang.Object):429;0.0
org.apache.commons.csv$CSVFormat#equals(java.lang.Object):431;0.0
org.apache.commons.csv$CSVFormat#equals(java.lang.Object):432;0.0
org.apache.commons.csv$CSVFormat#equals(java.lang.Object):434;0.0
org.apache.commons.csv$CSVFormat#equals(java.lang.Object):435;0.0
org.apache.commons.csv$CSVFormat#equals(java.lang.Object):436;0.0
org.apache.commons.csv$CSVFormat#equals(java.lang.Object):438;0.0
org.apache.commons.csv$CSVFormat#equals(java.lang.Object):439;0.0
org.apache.commons.csv$CSVFormat#equals(java.lang.Object):441;0.0
org.apache.commons.csv$CSVFormat#format(java.lang.Object[]):452;0.0
org.apache.commons.csv$CSVFormat#format(java.lang.Object[]):454;0.0
org.apache.commons.csv$CSVFormat#format(java.lang.Object[]):455;0.0
org.apache.commons.csv$CSVFormat#format(java.lang.Object[]):456;0.0
org.apache.commons.csv$CSVFormat#format(java.lang.Object[]):458;0.0
org.apache.commons.csv$CSVFormat#getQuoteMode():560;0.0
org.apache.commons.csv$CSVFormat#getRecordSeparator():569;0.0
org.apache.commons.csv$CSVFormat#getSkipHeaderRecord():578;0.0
org.apache.commons.csv$CSVFormat#hashCode():584;0.0
org.apache.commons.csv$CSVFormat#hashCode():585;0.0
org.apache.commons.csv$CSVFormat#hashCode():587;0.0
org.apache.commons.csv$CSVFormat#hashCode():588;0.0
org.apache.commons.csv$CSVFormat#hashCode():589;0.0
org.apache.commons.csv$CSVFormat#hashCode():590;0.0
org.apache.commons.csv$CSVFormat#hashCode():591;0.0
org.apache.commons.csv$CSVFormat#hashCode():592;0.0
org.apache.commons.csv$CSVFormat#hashCode():593;0.0
org.apache.commons.csv$CSVFormat#hashCode():594;0.0
org.apache.commons.csv$CSVFormat#hashCode():595;0.0
org.apache.commons.csv$CSVFormat#hashCode():596;0.0
org.apache.commons.csv$CSVFormat#hashCode():597;0.0
org.apache.commons.csv$CSVFormat#hashCode():598;0.0
org.apache.commons.csv$CSVFormat#isCommentMarkerSet():609;0.0
org.apache.commons.csv$CSVFormat#isEscapeCharacterSet():618;0.0
org.apache.commons.csv$CSVFormat#isNullStringSet():627;0.0
org.apache.commons.csv$CSVFormat#isQuoteCharacterSet():636;0.0
org.apache.commons.csv$CSVFormat#parse(java.io.Reader):653;0.0
org.apache.commons.csv$CSVFormat#print(java.lang.Appendable):670;0.0
org.apache.commons.csv$CSVFormat#toString():675;0.0
org.apache.commons.csv$CSVFormat#toString():676;0.0
org.apache.commons.csv$CSVFormat#toString():677;0.0
org.apache.commons.csv$CSVFormat#toString():678;0.0
org.apache.commons.csv$CSVFormat#toString():679;0.0
org.apache.commons.csv$CSVFormat#toString():681;0.0
org.apache.commons.csv$CSVFormat#toString():682;0.0
org.apache.commons.csv$CSVFormat#toString():683;0.0
org.apache.commons.csv$CSVFormat#toString():685;0.0
org.apache.commons.csv$CSVFormat#toString():686;0.0
org.apache.commons.csv$CSVFormat#toString():687;0.0
org.apache.commons.csv$CSVFormat#toString():689;0.0
org.apache.commons.csv$CSVFormat#toString():690;0.0
org.apache.commons.csv$CSVFormat#toString():691;0.0
org.apache.commons.csv$CSVFormat#toString():693;0.0
org.apache.commons.csv$CSVFormat#toString():694;0.0
org.apache.commons.csv$CSVFormat#toString():695;0.0
org.apache.commons.csv$CSVFormat#toString():697;0.0
org.apache.commons.csv$CSVFormat#toString():698;0.0
org.apache.commons.csv$CSVFormat#toString():700;0.0
org.apache.commons.csv$CSVFormat#toString():701;0.0
org.apache.commons.csv$CSVFormat#toString():703;0.0
org.apache.commons.csv$CSVFormat#toString():704;0.0
org.apache.commons.csv$CSVFormat#toString():705;0.0
org.apache.commons.csv$CSVFormat#toString():706;0.0
org.apache.commons.csv$CSVFormat#toString():708;0.0
org.apache.commons.csv$CSVFormat#validate():718;0.0
org.apache.commons.csv$CSVFormat#validate():723;0.0
org.apache.commons.csv$CSVFormat#validate():728;0.0
org.apache.commons.csv$CSVFormat#validate():733;0.0
org.apache.commons.csv$CSVFormat#validate():738;0.0
org.apache.commons.csv$CSVFormat#validate():743;0.0
org.apache.commons.csv$CSVFormat#withCommentMarker(char):759;0.0
org.apache.commons.csv$CSVFormat#withCommentMarker(java.lang.Character):774;0.0
org.apache.commons.csv$CSVFormat#withCommentMarker(java.lang.Character):775;0.0
org.apache.commons.csv$CSVFormat#withCommentMarker(java.lang.Character):777;0.0
org.apache.commons.csv$CSVFormat#withDelimiter(char):793;0.0
org.apache.commons.csv$CSVFormat#withEscape(java.lang.Character):824;0.0
org.apache.commons.csv$CSVFormat#withAllowMissingColumnNames(boolean):863;0.0
org.apache.commons.csv$CSVFormat#withNullString(java.lang.String):912;0.0
org.apache.commons.csv$CSVFormat#withQuote(char):927;0.0
org.apache.commons.csv$CSVFormat#withQuote(java.lang.Character):941;0.0
org.apache.commons.csv$CSVFormat#withQuoteMode(org.apache.commons.csv.QuoteMode):957;0.0
org.apache.commons.csv$CSVFormat#withSkipHeaderRecord(boolean):1006;0.0
org.apache.commons.csv$Constants#Constants():25;0.0
org.apache.commons.csv$Lexer#nextToken(org.apache.commons.csv.Token):98;0.0
org.apache.commons.csv$Lexer#nextToken(org.apache.commons.csv.Token):100;0.0
org.apache.commons.csv$Lexer#nextToken(org.apache.commons.csv.Token):101;0.0
org.apache.commons.csv$Lexer#nextToken(org.apache.commons.csv.Token):102;0.0
org.apache.commons.csv$Lexer#nextToken(org.apache.commons.csv.Token):104;0.0
org.apache.commons.csv$Lexer#nextToken(org.apache.commons.csv.Token):105;0.0
org.apache.commons.csv$Lexer#nextToken(org.apache.commons.csv.Token):107;0.0
org.apache.commons.csv$Lexer#nextToken(org.apache.commons.csv.Token):114;0.0
org.apache.commons.csv$Lexer#nextToken(org.apache.commons.csv.Token):116;0.0
org.apache.commons.csv$Lexer#nextToken(org.apache.commons.csv.Token):120;0.0
org.apache.commons.csv$Lexer#nextToken(org.apache.commons.csv.Token):121;0.0
org.apache.commons.csv$Lexer#nextToken(org.apache.commons.csv.Token):122;0.0
org.apache.commons.csv$Lexer#nextToken(org.apache.commons.csv.Token):124;0.0
org.apache.commons.csv$Lexer#nextToken(org.apache.commons.csv.Token):126;0.0
org.apache.commons.csv$Lexer#nextToken(org.apache.commons.csv.Token):127;0.0
org.apache.commons.csv$Lexer#nextToken(org.apache.commons.csv.Token):128;0.0
org.apache.commons.csv$Lexer#nextToken(org.apache.commons.csv.Token):129;0.0
org.apache.commons.csv$Lexer#nextToken(org.apache.commons.csv.Token):136;0.0
org.apache.commons.csv$Lexer#nextToken(org.apache.commons.csv.Token):137;0.0
org.apache.commons.csv$Lexer#nextToken(org.apache.commons.csv.Token):138;0.0
org.apache.commons.csv$Lexer#nextToken(org.apache.commons.csv.Token):152;0.0
org.apache.commons.csv$Lexer#nextToken(org.apache.commons.csv.Token):156;0.0
org.apache.commons.csv$Lexer#nextToken(org.apache.commons.csv.Token):157;0.0
org.apache.commons.csv$Lexer#parseSimpleToken(org.apache.commons.csv.Token,int):190;0.0
org.apache.commons.csv$Lexer#parseSimpleToken(org.apache.commons.csv.Token,int):191;0.0
org.apache.commons.csv$Lexer#parseSimpleToken(org.apache.commons.csv.Token,int):193;0.0
org.apache.commons.csv$Lexer#parseSimpleToken(org.apache.commons.csv.Token,int):194;0.0
org.apache.commons.csv$Lexer#parseSimpleToken(org.apache.commons.csv.Token,int):195;0.0
org.apache.commons.csv$Lexer#parseSimpleToken(org.apache.commons.csv.Token,int):200;0.0
org.apache.commons.csv$Lexer#parseSimpleToken(org.apache.commons.csv.Token,int):201;0.0
org.apache.commons.csv$Lexer#parseSimpleToken(org.apache.commons.csv.Token,int):202;0.0
org.apache.commons.csv$Lexer#parseSimpleToken(org.apache.commons.csv.Token,int):204;0.0
org.apache.commons.csv$Lexer#parseSimpleToken(org.apache.commons.csv.Token,int):206;0.0
org.apache.commons.csv$Lexer#parseSimpleToken(org.apache.commons.csv.Token,int):207;0.0
org.apache.commons.csv$Lexer#parseSimpleToken(org.apache.commons.csv.Token,int):214;0.0
org.apache.commons.csv$Lexer#parseEncapsulatedToken(org.apache.commons.csv.Token):242;0.0
org.apache.commons.csv$Lexer#parseEncapsulatedToken(org.apache.commons.csv.Token):245;0.0
org.apache.commons.csv$Lexer#parseEncapsulatedToken(org.apache.commons.csv.Token):247;0.0
org.apache.commons.csv$Lexer#parseEncapsulatedToken(org.apache.commons.csv.Token):248;0.0
org.apache.commons.csv$Lexer#parseEncapsulatedToken(org.apache.commons.csv.Token):249;0.0
org.apache.commons.csv$Lexer#parseEncapsulatedToken(org.apache.commons.csv.Token):250;0.0
org.apache.commons.csv$Lexer#parseEncapsulatedToken(org.apache.commons.csv.Token):252;0.0
org.apache.commons.csv$Lexer#parseEncapsulatedToken(org.apache.commons.csv.Token):254;0.0
org.apache.commons.csv$Lexer#parseEncapsulatedToken(org.apache.commons.csv.Token):255;0.0
org.apache.commons.csv$Lexer#parseEncapsulatedToken(org.apache.commons.csv.Token):257;0.0
org.apache.commons.csv$Lexer#parseEncapsulatedToken(org.apache.commons.csv.Token):258;0.0
org.apache.commons.csv$Lexer#parseEncapsulatedToken(org.apache.commons.csv.Token):262;0.0
org.apache.commons.csv$Lexer#parseEncapsulatedToken(org.apache.commons.csv.Token):263;0.0
org.apache.commons.csv$Lexer#parseEncapsulatedToken(org.apache.commons.csv.Token):264;0.0
org.apache.commons.csv$Lexer#parseEncapsulatedToken(org.apache.commons.csv.Token):265;0.0
org.apache.commons.csv$Lexer#parseEncapsulatedToken(org.apache.commons.csv.Token):266;0.0
org.apache.commons.csv$Lexer#parseEncapsulatedToken(org.apache.commons.csv.Token):267;0.0
org.apache.commons.csv$Lexer#parseEncapsulatedToken(org.apache.commons.csv.Token):268;0.0
org.apache.commons.csv$Lexer#parseEncapsulatedToken(org.apache.commons.csv.Token):269;0.0
org.apache.commons.csv$Lexer#parseEncapsulatedToken(org.apache.commons.csv.Token):270;0.0
org.apache.commons.csv$Lexer#parseEncapsulatedToken(org.apache.commons.csv.Token):271;0.0
org.apache.commons.csv$Lexer#parseEncapsulatedToken(org.apache.commons.csv.Token):272;0.0
org.apache.commons.csv$Lexer#parseEncapsulatedToken(org.apache.commons.csv.Token):273;0.0
org.apache.commons.csv$Lexer#parseEncapsulatedToken(org.apache.commons.csv.Token):275;0.0
org.apache.commons.csv$Lexer#parseEncapsulatedToken(org.apache.commons.csv.Token):280;0.0
org.apache.commons.csv$Lexer#parseEncapsulatedToken(org.apache.commons.csv.Token):282;0.0
org.apache.commons.csv$Lexer#parseEncapsulatedToken(org.apache.commons.csv.Token):286;0.0
org.apache.commons.csv$Lexer#getCurrentLineNumber():301;0.0
org.apache.commons.csv$Lexer#readEscape():318;0.0
org.apache.commons.csv$Lexer#readEscape():319;0.0
org.apache.commons.csv$Lexer#readEscape():321;0.0
org.apache.commons.csv$Lexer#readEscape():323;0.0
org.apache.commons.csv$Lexer#readEscape():325;0.0
org.apache.commons.csv$Lexer#readEscape():327;0.0
org.apache.commons.csv$Lexer#readEscape():329;0.0
org.apache.commons.csv$Lexer#readEscape():335;0.0
org.apache.commons.csv$Lexer#readEscape():337;0.0
org.apache.commons.csv$Lexer#readEscape():340;0.0
org.apache.commons.csv$Lexer#readEscape():341;0.0
org.apache.commons.csv$Lexer#readEscape():344;0.0
org.apache.commons.csv$Lexer#trimTrailingSpaces(java.lang.StringBuilder):349;0.0
org.apache.commons.csv$Lexer#trimTrailingSpaces(java.lang.StringBuilder):350;0.0
org.apache.commons.csv$Lexer#trimTrailingSpaces(java.lang.StringBuilder):351;0.0
org.apache.commons.csv$Lexer#trimTrailingSpaces(java.lang.StringBuilder):353;0.0
org.apache.commons.csv$Lexer#trimTrailingSpaces(java.lang.StringBuilder):354;0.0
org.apache.commons.csv$Lexer#trimTrailingSpaces(java.lang.StringBuilder):356;0.0
org.apache.commons.csv$Lexer#isClosed():373;0.0
org.apache.commons.csv$Lexer#isWhitespace(int):380;0.0
org.apache.commons.csv$Lexer#isMetaChar(int):417;0.0
org.apache.commons.csv$Lexer#close():430;0.0
org.apache.commons.csv$Lexer#close():431;0.0
org.apache.commons.csv$ExtendedBufferedReader#read(char[],int,int):78;0.0
org.apache.commons.csv$ExtendedBufferedReader#read(char[],int,int):79;0.0
org.apache.commons.csv$ExtendedBufferedReader#read(char[],int,int):82;0.0
org.apache.commons.csv$ExtendedBufferedReader#read(char[],int,int):84;0.0
org.apache.commons.csv$ExtendedBufferedReader#read(char[],int,int):86;0.0
org.apache.commons.csv$ExtendedBufferedReader#read(char[],int,int):87;0.0
org.apache.commons.csv$ExtendedBufferedReader#read(char[],int,int):88;0.0
org.apache.commons.csv$ExtendedBufferedReader#read(char[],int,int):89;0.0
org.apache.commons.csv$ExtendedBufferedReader#read(char[],int,int):90;0.0
org.apache.commons.csv$ExtendedBufferedReader#read(char[],int,int):92;0.0
org.apache.commons.csv$ExtendedBufferedReader#read(char[],int,int):93;0.0
org.apache.commons.csv$ExtendedBufferedReader#read(char[],int,int):97;0.0
org.apache.commons.csv$ExtendedBufferedReader#read(char[],int,int):99;0.0
org.apache.commons.csv$ExtendedBufferedReader#read(char[],int,int):100;0.0
org.apache.commons.csv$ExtendedBufferedReader#read(char[],int,int):103;0.0
org.apache.commons.csv$ExtendedBufferedReader#readLine():118;0.0
org.apache.commons.csv$ExtendedBufferedReader#readLine():120;0.0
org.apache.commons.csv$ExtendedBufferedReader#readLine():121;0.0
org.apache.commons.csv$ExtendedBufferedReader#readLine():122;0.0
org.apache.commons.csv$ExtendedBufferedReader#readLine():124;0.0
org.apache.commons.csv$ExtendedBufferedReader#readLine():127;0.0
org.apache.commons.csv$ExtendedBufferedReader#getCurrentLineNumber():154;0.0
org.apache.commons.csv$ExtendedBufferedReader#getCurrentLineNumber():155;0.0
org.apache.commons.csv$ExtendedBufferedReader#getCurrentLineNumber():157;0.0
org.apache.commons.csv$ExtendedBufferedReader#isClosed():161;0.0
org.apache.commons.csv$ExtendedBufferedReader#close():173;0.0
org.apache.commons.csv$ExtendedBufferedReader#close():174;0.0
org.apache.commons.csv$ExtendedBufferedReader#close():175;0.0
org.apache.commons.csv$ExtendedBufferedReader#close():176;0.0
org.apache.commons.csv$Token#toString():73;0.0
org.apache.commons.csv$CSVPrinter#CSVPrinter(java.lang.Appendable,org.apache.commons.csv.CSVFormat):61;0.0
org.apache.commons.csv$CSVPrinter#CSVPrinter(java.lang.Appendable,org.apache.commons.csv.CSVFormat):43;0.0
org.apache.commons.csv$CSVPrinter#CSVPrinter(java.lang.Appendable,org.apache.commons.csv.CSVFormat):62;0.0
org.apache.commons.csv$CSVPrinter#CSVPrinter(java.lang.Appendable,org.apache.commons.csv.CSVFormat):63;0.0
org.apache.commons.csv$CSVPrinter#CSVPrinter(java.lang.Appendable,org.apache.commons.csv.CSVFormat):65;0.0
org.apache.commons.csv$CSVPrinter#CSVPrinter(java.lang.Appendable,org.apache.commons.csv.CSVFormat):66;0.0
org.apache.commons.csv$CSVPrinter#CSVPrinter(java.lang.Appendable,org.apache.commons.csv.CSVFormat):69;0.0
org.apache.commons.csv$CSVPrinter#CSVPrinter(java.lang.Appendable,org.apache.commons.csv.CSVFormat):70;0.0
org.apache.commons.csv$CSVPrinter#CSVPrinter(java.lang.Appendable,org.apache.commons.csv.CSVFormat):72;0.0
org.apache.commons.csv$CSVPrinter#close():79;0.0
org.apache.commons.csv$CSVPrinter#close():80;0.0
org.apache.commons.csv$CSVPrinter#close():82;0.0
org.apache.commons.csv$CSVPrinter#flush():91;0.0
org.apache.commons.csv$CSVPrinter#flush():92;0.0
org.apache.commons.csv$CSVPrinter#flush():94;0.0
org.apache.commons.csv$CSVPrinter#print(java.lang.Object):107;0.0
org.apache.commons.csv$CSVPrinter#print(java.lang.Object):108;0.0
org.apache.commons.csv$CSVPrinter#print(java.lang.Object):109;0.0
org.apache.commons.csv$CSVPrinter#print(java.lang.Object):110;0.0
org.apache.commons.csv$CSVPrinter#print(java.lang.Object):111;0.0
org.apache.commons.csv$CSVPrinter#print(java.lang.Object):113;0.0
org.apache.commons.csv$CSVPrinter#print(java.lang.Object):114;0.0
org.apache.commons.csv$CSVPrinter#print(java.lang.Object,java.lang.CharSequence,int,int):118;0.0
org.apache.commons.csv$CSVPrinter#print(java.lang.Object,java.lang.CharSequence,int,int):119;0.0
org.apache.commons.csv$CSVPrinter#print(java.lang.Object,java.lang.CharSequence,int,int):121;0.0
org.apache.commons.csv$CSVPrinter#print(java.lang.Object,java.lang.CharSequence,int,int):123;0.0
org.apache.commons.csv$CSVPrinter#print(java.lang.Object,java.lang.CharSequence,int,int):124;0.0
org.apache.commons.csv$CSVPrinter#print(java.lang.Object,java.lang.CharSequence,int,int):125;0.0
org.apache.commons.csv$CSVPrinter#print(java.lang.Object,java.lang.CharSequence,int,int):127;0.0
org.apache.commons.csv$CSVPrinter#print(java.lang.Object,java.lang.CharSequence,int,int):129;0.0
org.apache.commons.csv$CSVPrinter#print(java.lang.Object,java.lang.CharSequence,int,int):130;0.0
org.apache.commons.csv$CSVPrinter#printAndEscape(java.lang.CharSequence,int,int):136;0.0
org.apache.commons.csv$CSVPrinter#printAndEscape(java.lang.CharSequence,int,int):137;0.0
org.apache.commons.csv$CSVPrinter#printAndEscape(java.lang.CharSequence,int,int):138;0.0
org.apache.commons.csv$CSVPrinter#printAndEscape(java.lang.CharSequence,int,int):140;0.0
org.apache.commons.csv$CSVPrinter#printAndEscape(java.lang.CharSequence,int,int):141;0.0
org.apache.commons.csv$CSVPrinter#printAndEscape(java.lang.CharSequence,int,int):143;0.0
org.apache.commons.csv$CSVPrinter#printAndEscape(java.lang.CharSequence,int,int):144;0.0
org.apache.commons.csv$CSVPrinter#printAndEscape(java.lang.CharSequence,int,int):145;0.0
org.apache.commons.csv$CSVPrinter#printAndEscape(java.lang.CharSequence,int,int):147;0.0
org.apache.commons.csv$CSVPrinter#printAndEscape(java.lang.CharSequence,int,int):148;0.0
org.apache.commons.csv$CSVPrinter#printAndEscape(java.lang.CharSequence,int,int):150;0.0
org.apache.commons.csv$CSVPrinter#printAndEscape(java.lang.CharSequence,int,int):151;0.0
org.apache.commons.csv$CSVPrinter#printAndEscape(java.lang.CharSequence,int,int):152;0.0
org.apache.commons.csv$CSVPrinter#printAndEscape(java.lang.CharSequence,int,int):153;0.0
org.apache.commons.csv$CSVPrinter#printAndEscape(java.lang.CharSequence,int,int):156;0.0
org.apache.commons.csv$CSVPrinter#printAndEscape(java.lang.CharSequence,int,int):157;0.0
org.apache.commons.csv$CSVPrinter#printAndEscape(java.lang.CharSequence,int,int):159;0.0
org.apache.commons.csv$CSVPrinter#printAndEscape(java.lang.CharSequence,int,int):162;0.0
org.apache.commons.csv$CSVPrinter#printAndEscape(java.lang.CharSequence,int,int):163;0.0
org.apache.commons.csv$CSVPrinter#printAndEscape(java.lang.CharSequence,int,int):166;0.0
org.apache.commons.csv$CSVPrinter#printAndEscape(java.lang.CharSequence,int,int):167;0.0
org.apache.commons.csv$CSVPrinter#printAndEscape(java.lang.CharSequence,int,int):169;0.0
org.apache.commons.csv$CSVPrinter#printAndQuote(java.lang.Object,java.lang.CharSequence,int,int):177;0.0
org.apache.commons.csv$CSVPrinter#printAndQuote(java.lang.Object,java.lang.CharSequence,int,int):178;0.0
org.apache.commons.csv$CSVPrinter#printAndQuote(java.lang.Object,java.lang.CharSequence,int,int):179;0.0
org.apache.commons.csv$CSVPrinter#printAndQuote(java.lang.Object,java.lang.CharSequence,int,int):180;0.0
org.apache.commons.csv$CSVPrinter#printAndQuote(java.lang.Object,java.lang.CharSequence,int,int):182;0.0
org.apache.commons.csv$CSVPrinter#printAndQuote(java.lang.Object,java.lang.CharSequence,int,int):183;0.0
org.apache.commons.csv$CSVPrinter#printAndQuote(java.lang.Object,java.lang.CharSequence,int,int):185;0.0
org.apache.commons.csv$CSVPrinter#printAndQuote(java.lang.Object,java.lang.CharSequence,int,int):186;0.0
org.apache.commons.csv$CSVPrinter#printAndQuote(java.lang.Object,java.lang.CharSequence,int,int):187;0.0
org.apache.commons.csv$CSVPrinter#printAndQuote(java.lang.Object,java.lang.CharSequence,int,int):189;0.0
org.apache.commons.csv$CSVPrinter#printAndQuote(java.lang.Object,java.lang.CharSequence,int,int):191;0.0
org.apache.commons.csv$CSVPrinter#printAndQuote(java.lang.Object,java.lang.CharSequence,int,int):192;0.0
org.apache.commons.csv$CSVPrinter#printAndQuote(java.lang.Object,java.lang.CharSequence,int,int):194;0.0
org.apache.commons.csv$CSVPrinter#printAndQuote(java.lang.Object,java.lang.CharSequence,int,int):195;0.0
org.apache.commons.csv$CSVPrinter#printAndQuote(java.lang.Object,java.lang.CharSequence,int,int):198;0.0
org.apache.commons.csv$CSVPrinter#printAndQuote(java.lang.Object,java.lang.CharSequence,int,int):199;0.0
org.apache.commons.csv$CSVPrinter#printAndQuote(java.lang.Object,java.lang.CharSequence,int,int):201;0.0
org.apache.commons.csv$CSVPrinter#printAndQuote(java.lang.Object,java.lang.CharSequence,int,int):206;0.0
org.apache.commons.csv$CSVPrinter#printAndQuote(java.lang.Object,java.lang.CharSequence,int,int):207;0.0
org.apache.commons.csv$CSVPrinter#printAndQuote(java.lang.Object,java.lang.CharSequence,int,int):210;0.0
org.apache.commons.csv$CSVPrinter#printAndQuote(java.lang.Object,java.lang.CharSequence,int,int):213;0.0
org.apache.commons.csv$CSVPrinter#printAndQuote(java.lang.Object,java.lang.CharSequence,int,int):214;0.0
org.apache.commons.csv$CSVPrinter#printAndQuote(java.lang.Object,java.lang.CharSequence,int,int):215;0.0
org.apache.commons.csv$CSVPrinter#printAndQuote(java.lang.Object,java.lang.CharSequence,int,int):219;0.0
org.apache.commons.csv$CSVPrinter#printAndQuote(java.lang.Object,java.lang.CharSequence,int,int):221;0.0
org.apache.commons.csv$CSVPrinter#printAndQuote(java.lang.Object,java.lang.CharSequence,int,int):222;0.0
org.apache.commons.csv$CSVPrinter#printAndQuote(java.lang.Object,java.lang.CharSequence,int,int):223;0.0
org.apache.commons.csv$CSVPrinter#printAndQuote(java.lang.Object,java.lang.CharSequence,int,int):224;0.0
org.apache.commons.csv$CSVPrinter#printAndQuote(java.lang.Object,java.lang.CharSequence,int,int):225;0.0
org.apache.commons.csv$CSVPrinter#printAndQuote(java.lang.Object,java.lang.CharSequence,int,int):227;0.0
org.apache.commons.csv$CSVPrinter#printAndQuote(java.lang.Object,java.lang.CharSequence,int,int):230;0.0
org.apache.commons.csv$CSVPrinter#printAndQuote(java.lang.Object,java.lang.CharSequence,int,int):231;0.0
org.apache.commons.csv$CSVPrinter#printAndQuote(java.lang.Object,java.lang.CharSequence,int,int):232;0.0
org.apache.commons.csv$CSVPrinter#printAndQuote(java.lang.Object,java.lang.CharSequence,int,int):235;0.0
org.apache.commons.csv$CSVPrinter#printAndQuote(java.lang.Object,java.lang.CharSequence,int,int):236;0.0
org.apache.commons.csv$CSVPrinter#printAndQuote(java.lang.Object,java.lang.CharSequence,int,int):242;0.0
org.apache.commons.csv$CSVPrinter#printAndQuote(java.lang.Object,java.lang.CharSequence,int,int):244;0.0
org.apache.commons.csv$CSVPrinter#printAndQuote(java.lang.Object,java.lang.CharSequence,int,int):245;0.0
org.apache.commons.csv$CSVPrinter#printAndQuote(java.lang.Object,java.lang.CharSequence,int,int):249;0.0
org.apache.commons.csv$CSVPrinter#printAndQuote(java.lang.Object,java.lang.CharSequence,int,int):252;0.0
org.apache.commons.csv$CSVPrinter#printAndQuote(java.lang.Object,java.lang.CharSequence,int,int):254;0.0
org.apache.commons.csv$CSVPrinter#printAndQuote(java.lang.Object,java.lang.CharSequence,int,int):255;0.0
org.apache.commons.csv$CSVPrinter#printAndQuote(java.lang.Object,java.lang.CharSequence,int,int):259;0.0
org.apache.commons.csv$CSVPrinter#printAndQuote(java.lang.Object,java.lang.CharSequence,int,int):263;0.0
org.apache.commons.csv$CSVPrinter#printAndQuote(java.lang.Object,java.lang.CharSequence,int,int):264;0.0
org.apache.commons.csv$CSVPrinter#printAndQuote(java.lang.Object,java.lang.CharSequence,int,int):265;0.0
org.apache.commons.csv$CSVPrinter#printAndQuote(java.lang.Object,java.lang.CharSequence,int,int):269;0.0
org.apache.commons.csv$CSVPrinter#printAndQuote(java.lang.Object,java.lang.CharSequence,int,int):272;0.0
org.apache.commons.csv$CSVPrinter#printAndQuote(java.lang.Object,java.lang.CharSequence,int,int):274;0.0
org.apache.commons.csv$CSVPrinter#printAndQuote(java.lang.Object,java.lang.CharSequence,int,int):275;0.0
org.apache.commons.csv$CSVPrinter#printAndQuote(java.lang.Object,java.lang.CharSequence,int,int):278;0.0
org.apache.commons.csv$CSVPrinter#printAndQuote(java.lang.Object,java.lang.CharSequence,int,int):279;0.0
org.apache.commons.csv$CSVPrinter#printAndQuote(java.lang.Object,java.lang.CharSequence,int,int):280;0.0
org.apache.commons.csv$CSVPrinter#printComment(java.lang.String):298;0.0
org.apache.commons.csv$CSVPrinter#printComment(java.lang.String):299;0.0
org.apache.commons.csv$CSVPrinter#printComment(java.lang.String):301;0.0
org.apache.commons.csv$CSVPrinter#printComment(java.lang.String):302;0.0
org.apache.commons.csv$CSVPrinter#printComment(java.lang.String):304;0.0
org.apache.commons.csv$CSVPrinter#printComment(java.lang.String):305;0.0
org.apache.commons.csv$CSVPrinter#printComment(java.lang.String):306;0.0
org.apache.commons.csv$CSVPrinter#printComment(java.lang.String):307;0.0
org.apache.commons.csv$CSVPrinter#printComment(java.lang.String):308;0.0
org.apache.commons.csv$CSVPrinter#printComment(java.lang.String):310;0.0
org.apache.commons.csv$CSVPrinter#printComment(java.lang.String):311;0.0
org.apache.commons.csv$CSVPrinter#printComment(java.lang.String):315;0.0
org.apache.commons.csv$CSVPrinter#printComment(java.lang.String):316;0.0
org.apache.commons.csv$CSVPrinter#printComment(java.lang.String):317;0.0
org.apache.commons.csv$CSVPrinter#printComment(java.lang.String):318;0.0
org.apache.commons.csv$CSVPrinter#printComment(java.lang.String):320;0.0
org.apache.commons.csv$CSVPrinter#printComment(java.lang.String):324;0.0
org.apache.commons.csv$CSVPrinter#printComment(java.lang.String):325;0.0
org.apache.commons.csv$CSVPrinter#println():334;0.0
org.apache.commons.csv$CSVPrinter#println():335;0.0
org.apache.commons.csv$CSVPrinter#println():336;0.0
org.apache.commons.csv$CSVPrinter#println():338;0.0
org.apache.commons.csv$CSVPrinter#println():339;0.0
org.apache.commons.csv$CSVPrinter#printRecord(java.lang.Iterable):355;0.0
org.apache.commons.csv$CSVPrinter#printRecord(java.lang.Iterable):356;0.0
org.apache.commons.csv$CSVPrinter#printRecord(java.lang.Iterable):357;0.0
org.apache.commons.csv$CSVPrinter#printRecord(java.lang.Iterable):358;0.0
org.apache.commons.csv$CSVPrinter#printRecord(java.lang.Iterable):359;0.0
org.apache.commons.csv$CSVPrinter#printRecord(java.lang.Object[]):375;0.0
org.apache.commons.csv$CSVPrinter#printRecord(java.lang.Object[]):376;0.0
org.apache.commons.csv$CSVPrinter#printRecord(java.lang.Object[]):378;0.0
org.apache.commons.csv$CSVPrinter#printRecord(java.lang.Object[]):379;0.0
org.apache.commons.csv$CSVPrinter#printRecords(java.lang.Iterable):413;0.0
org.apache.commons.csv$CSVPrinter#printRecords(java.lang.Iterable):414;0.0
org.apache.commons.csv$CSVPrinter#printRecords(java.lang.Iterable):415;0.0
org.apache.commons.csv$CSVPrinter#printRecords(java.lang.Iterable):416;0.0
org.apache.commons.csv$CSVPrinter#printRecords(java.lang.Iterable):417;0.0
org.apache.commons.csv$CSVPrinter#printRecords(java.lang.Iterable):419;0.0
org.apache.commons.csv$CSVPrinter#printRecords(java.lang.Iterable):421;0.0
org.apache.commons.csv$CSVPrinter#printRecords(java.lang.Iterable):422;0.0
org.apache.commons.csv$CSVPrinter#printRecords(java.lang.Object[]):456;0.0
org.apache.commons.csv$CSVPrinter#printRecords(java.lang.Object[]):457;0.0
org.apache.commons.csv$CSVPrinter#printRecords(java.lang.Object[]):458;0.0
org.apache.commons.csv$CSVPrinter#printRecords(java.lang.Object[]):459;0.0
org.apache.commons.csv$CSVPrinter#printRecords(java.lang.Object[]):460;0.0
org.apache.commons.csv$CSVPrinter#printRecords(java.lang.Object[]):462;0.0
org.apache.commons.csv$CSVPrinter#printRecords(java.lang.Object[]):465;0.0
org.apache.commons.csv$CSVPrinter#printRecords(java.sql.ResultSet):477;0.0
org.apache.commons.csv$CSVPrinter#printRecords(java.sql.ResultSet):478;0.0
org.apache.commons.csv$CSVPrinter#printRecords(java.sql.ResultSet):479;0.0
org.apache.commons.csv$CSVPrinter#printRecords(java.sql.ResultSet):480;0.0
org.apache.commons.csv$CSVPrinter#printRecords(java.sql.ResultSet):482;0.0
org.apache.commons.csv$CSVPrinter#printRecords(java.sql.ResultSet):484;0.0
org.apache.commons.csv$CSVPrinter#getOut():492;0.0
org.apache.commons.csv$Assertions#Assertions():27;0.0
org.apache.commons.csv$Assertions#Assertions():29;0.0
org.apache.commons.csv$Assertions#notNull(java.lang.Object,java.lang.String):33;0.0
org.apache.commons.csv$CSVPrinter$1#<clinit>():189;0.0
org.apache.commons.csv$CSVParser#CSVParser(java.io.Reader,org.apache.commons.csv.CSVFormat):249;0.0
org.apache.commons.csv$CSVParser#parse(java.io.File,java.nio.charset.Charset,org.apache.commons.csv.CSVFormat):155;0.0
org.apache.commons.csv$CSVParser#parse(java.io.File,java.nio.charset.Charset,org.apache.commons.csv.CSVFormat):156;0.0
org.apache.commons.csv$CSVParser#parse(java.io.File,java.nio.charset.Charset,org.apache.commons.csv.CSVFormat):158;0.0
org.apache.commons.csv$CSVParser#parse(java.net.URL,java.nio.charset.Charset,org.apache.commons.csv.CSVFormat):202;0.0
org.apache.commons.csv$CSVParser#parse(java.net.URL,java.nio.charset.Charset,org.apache.commons.csv.CSVFormat):203;0.0
org.apache.commons.csv$CSVParser#parse(java.net.URL,java.nio.charset.Charset,org.apache.commons.csv.CSVFormat):204;0.0
org.apache.commons.csv$CSVParser#parse(java.net.URL,java.nio.charset.Charset,org.apache.commons.csv.CSVFormat):206;0.0
org.apache.commons.csv$CSVParser#addRecordValue():257;0.0
org.apache.commons.csv$CSVParser#close():268;0.0
org.apache.commons.csv$CSVParser#close():269;0.0
org.apache.commons.csv$CSVParser#close():271;0.0
org.apache.commons.csv$CSVParser#getCurrentLineNumber():284;0.0
org.apache.commons.csv$CSVParser#getHeaderMap():295;0.0
org.apache.commons.csv$CSVParser#getRecordNumber():309;0.0
org.apache.commons.csv$CSVParser#getRecords():326;0.0
org.apache.commons.csv$CSVParser#getRecords():327;0.0
org.apache.commons.csv$CSVParser#getRecords():328;0.0
org.apache.commons.csv$CSVParser#getRecords():330;0.0
org.apache.commons.csv$CSVParser#initializeHeader():353;0.0
org.apache.commons.csv$CSVParser#initializeHeader():354;0.0
org.apache.commons.csv$CSVParser#initializeHeader():356;0.0
org.apache.commons.csv$CSVParser#initializeHeader():374;0.0
org.apache.commons.csv$CSVParser#isClosed():378;0.0
org.apache.commons.csv$CSVParser#iterator():390;0.0
org.apache.commons.csv$CSVParser#nextRecord():459;0.0
org.apache.commons.csv$CSVParser#nextRecord():460;0.0
org.apache.commons.csv$CSVParser#nextRecord():464;0.0
org.apache.commons.csv$CSVParser#nextRecord():466;0.0
org.apache.commons.csv$CSVParser#nextRecord():467;0.0
org.apache.commons.csv$CSVParser#nextRecord():469;0.0
org.apache.commons.csv$CSVParser#nextRecord():471;0.0
org.apache.commons.csv$CSVParser#nextRecord():472;0.0
org.apache.commons.csv$CSVParser#nextRecord():473;0.0
org.apache.commons.csv$CSVParser#nextRecord():475;0.0
org.apache.commons.csv$CSVParser$1#getNextRecord():395;0.0
org.apache.commons.csv$CSVParser$1#getNextRecord():396;0.0
org.apache.commons.csv$CSVParser$1#getNextRecord():398;0.0
org.apache.commons.csv$CSVParser$1#hasNext():403;0.0
org.apache.commons.csv$CSVParser$1#hasNext():404;0.0
org.apache.commons.csv$CSVParser$1#hasNext():406;0.0
org.apache.commons.csv$CSVParser$1#hasNext():407;0.0
org.apache.commons.csv$CSVParser$1#hasNext():410;0.0
org.apache.commons.csv$CSVParser$1#next():414;0.0
org.apache.commons.csv$CSVParser$1#next():415;0.0
org.apache.commons.csv$CSVParser$1#next():417;0.0
org.apache.commons.csv$CSVParser$1#next():418;0.0
org.apache.commons.csv$CSVParser$1#next():420;0.0
org.apache.commons.csv$CSVParser$1#next():422;0.0
org.apache.commons.csv$CSVParser$1#next():423;0.0
org.apache.commons.csv$CSVParser$1#next():424;0.0
org.apache.commons.csv$CSVParser$1#next():428;0.0
org.apache.commons.csv$CSVParser$1#remove():432;0.0
org.apache.commons.csv$CSVRecord#get(java.lang.Enum):67;0.0
org.apache.commons.csv$CSVRecord#get(int):78;0.0
org.apache.commons.csv$CSVRecord#get(java.lang.String):95;0.0
org.apache.commons.csv$CSVRecord#get(java.lang.String):96;0.0
org.apache.commons.csv$CSVRecord#get(java.lang.String):99;0.0
org.apache.commons.csv$CSVRecord#get(java.lang.String):100;0.0
org.apache.commons.csv$CSVRecord#get(java.lang.String):101;0.0
org.apache.commons.csv$CSVRecord#get(java.lang.String):105;0.0
org.apache.commons.csv$CSVRecord#get(java.lang.String):106;0.0
org.apache.commons.csv$CSVRecord#get(java.lang.String):107;0.0
org.apache.commons.csv$CSVRecord#getComment():120;0.0
org.apache.commons.csv$CSVRecord#getRecordNumber():135;0.0
org.apache.commons.csv$CSVRecord#isConsistent():149;0.0
org.apache.commons.csv$CSVRecord#isMapped(java.lang.String):160;0.0
org.apache.commons.csv$CSVRecord#isSet(java.lang.String):171;0.0
org.apache.commons.csv$CSVRecord#iterator():180;0.0
org.apache.commons.csv$CSVRecord#putIn(java.util.Map):190;0.0
org.apache.commons.csv$CSVRecord#putIn(java.util.Map):191;0.0
org.apache.commons.csv$CSVRecord#putIn(java.util.Map):193;0.0
org.apache.commons.csv$CSVRecord#putIn(java.util.Map):194;0.0
org.apache.commons.csv$CSVRecord#putIn(java.util.Map):195;0.0
org.apache.commons.csv$CSVRecord#putIn(java.util.Map):196;0.0
org.apache.commons.csv$CSVRecord#putIn(java.util.Map):198;0.0
org.apache.commons.csv$CSVRecord#putIn(java.util.Map):199;0.0
org.apache.commons.csv$CSVRecord#size():208;0.0
org.apache.commons.csv$CSVRecord#toList():218;0.0
org.apache.commons.csv$CSVRecord#toMap():227;0.0
org.apache.commons.csv$CSVRecord#toString():238;0.0
