name
org.apache.commons.csv$CSVFormat#CSVFormat(char,java.lang.Character,org.apache.commons.csv.QuoteMode,java.lang.Character,java.lang.Character,boolean,boolean,java.lang.String,java.lang.String,java.lang.String[],boolean,boolean):345
org.apache.commons.csv$CSVFormat#CSVFormat(char,java.lang.Character,org.apache.commons.csv.QuoteMode,java.lang.Character,java.lang.Character,boolean,boolean,java.lang.String,java.lang.String,java.lang.String[],boolean,boolean):346
org.apache.commons.csv$CSVFormat#CSVFormat(char,java.lang.Character,org.apache.commons.csv.QuoteMode,java.lang.Character,java.lang.Character,boolean,boolean,java.lang.String,java.lang.String,java.lang.String[],boolean,boolean):347
org.apache.commons.csv$CSVFormat#CSVFormat(char,java.lang.Character,org.apache.commons.csv.QuoteMode,java.lang.Character,java.lang.Character,boolean,boolean,java.lang.String,java.lang.String,java.lang.String[],boolean,boolean):349
org.apache.commons.csv$CSVFormat#CSVFormat(char,java.lang.Character,org.apache.commons.csv.QuoteMode,java.lang.Character,java.lang.Character,boolean,boolean,java.lang.String,java.lang.String,java.lang.String[],boolean,boolean):350
org.apache.commons.csv$CSVFormat#CSVFormat(char,java.lang.Character,org.apache.commons.csv.QuoteMode,java.lang.Character,java.lang.Character,boolean,boolean,java.lang.String,java.lang.String,java.lang.String[],boolean,boolean):351
org.apache.commons.csv$CSVFormat#CSVFormat(char,java.lang.Character,org.apache.commons.csv.QuoteMode,java.lang.Character,java.lang.Character,boolean,boolean,java.lang.String,java.lang.String,java.lang.String[],boolean,boolean):352
org.apache.commons.csv$CSVFormat#CSVFormat(char,java.lang.Character,org.apache.commons.csv.QuoteMode,java.lang.Character,java.lang.Character,boolean,boolean,java.lang.String,java.lang.String,java.lang.String[],boolean,boolean):353
org.apache.commons.csv$CSVFormat#CSVFormat(char,java.lang.Character,org.apache.commons.csv.QuoteMode,java.lang.Character,java.lang.Character,boolean,boolean,java.lang.String,java.lang.String,java.lang.String[],boolean,boolean):354
org.apache.commons.csv$CSVFormat#CSVFormat(char,java.lang.Character,org.apache.commons.csv.QuoteMode,java.lang.Character,java.lang.Character,boolean,boolean,java.lang.String,java.lang.String,java.lang.String[],boolean,boolean):355
org.apache.commons.csv$CSVFormat#CSVFormat(char,java.lang.Character,org.apache.commons.csv.QuoteMode,java.lang.Character,java.lang.Character,boolean,boolean,java.lang.String,java.lang.String,java.lang.String[],boolean,boolean):356
org.apache.commons.csv$CSVFormat#CSVFormat(char,java.lang.Character,org.apache.commons.csv.QuoteMode,java.lang.Character,java.lang.Character,boolean,boolean,java.lang.String,java.lang.String,java.lang.String[],boolean,boolean):357
org.apache.commons.csv$CSVFormat#CSVFormat(char,java.lang.Character,org.apache.commons.csv.QuoteMode,java.lang.Character,java.lang.Character,boolean,boolean,java.lang.String,java.lang.String,java.lang.String[],boolean,boolean):358
org.apache.commons.csv$CSVFormat#CSVFormat(char,java.lang.Character,org.apache.commons.csv.QuoteMode,java.lang.Character,java.lang.Character,boolean,boolean,java.lang.String,java.lang.String,java.lang.String[],boolean,boolean):359
org.apache.commons.csv$CSVFormat#CSVFormat(char,java.lang.Character,org.apache.commons.csv.QuoteMode,java.lang.Character,java.lang.Character,boolean,boolean,java.lang.String,java.lang.String,java.lang.String[],boolean,boolean):360
org.apache.commons.csv$CSVFormat#CSVFormat(char,java.lang.Character,org.apache.commons.csv.QuoteMode,java.lang.Character,java.lang.Character,boolean,boolean,java.lang.String,java.lang.String,java.lang.String[],boolean,boolean):362
org.apache.commons.csv$CSVFormat#CSVFormat(char,java.lang.Character,org.apache.commons.csv.QuoteMode,java.lang.Character,java.lang.Character,boolean,boolean,java.lang.String,java.lang.String,java.lang.String[],boolean,boolean):363
org.apache.commons.csv$CSVFormat#CSVFormat(char,java.lang.Character,org.apache.commons.csv.QuoteMode,java.lang.Character,java.lang.Character,boolean,boolean,java.lang.String,java.lang.String,java.lang.String[],boolean,boolean):364
org.apache.commons.csv$CSVFormat#CSVFormat(char,java.lang.Character,org.apache.commons.csv.QuoteMode,java.lang.Character,java.lang.Character,boolean,boolean,java.lang.String,java.lang.String,java.lang.String[],boolean,boolean):365
org.apache.commons.csv$CSVFormat#CSVFormat(char,java.lang.Character,org.apache.commons.csv.QuoteMode,java.lang.Character,java.lang.Character,boolean,boolean,java.lang.String,java.lang.String,java.lang.String[],boolean,boolean):369
org.apache.commons.csv$CSVFormat#CSVFormat(char,java.lang.Character,org.apache.commons.csv.QuoteMode,java.lang.Character,java.lang.Character,boolean,boolean,java.lang.String,java.lang.String,java.lang.String[],boolean,boolean):371
org.apache.commons.csv$CSVFormat#CSVFormat(char,java.lang.Character,org.apache.commons.csv.QuoteMode,java.lang.Character,java.lang.Character,boolean,boolean,java.lang.String,java.lang.String,java.lang.String[],boolean,boolean):372
org.apache.commons.csv$CSVFormat#CSVFormat(char,java.lang.Character,org.apache.commons.csv.QuoteMode,java.lang.Character,java.lang.Character,boolean,boolean,java.lang.String,java.lang.String,java.lang.String[],boolean,boolean):373
org.apache.commons.csv$CSVFormat#<clinit>():175
org.apache.commons.csv$CSVFormat#<clinit>():191
org.apache.commons.csv$CSVFormat#<clinit>():219
org.apache.commons.csv$CSVFormat#<clinit>():234
org.apache.commons.csv$CSVFormat#<clinit>():260
org.apache.commons.csv$CSVFormat#isLineBreak(char):277
org.apache.commons.csv$CSVFormat#isLineBreak(java.lang.Character):289
org.apache.commons.csv$CSVFormat#newFormat(char):310
org.apache.commons.csv$CSVFormat#equals(java.lang.Object):377
org.apache.commons.csv$CSVFormat#equals(java.lang.Object):378
org.apache.commons.csv$CSVFormat#equals(java.lang.Object):380
org.apache.commons.csv$CSVFormat#equals(java.lang.Object):381
org.apache.commons.csv$CSVFormat#equals(java.lang.Object):383
org.apache.commons.csv$CSVFormat#equals(java.lang.Object):384
org.apache.commons.csv$CSVFormat#equals(java.lang.Object):387
org.apache.commons.csv$CSVFormat#equals(java.lang.Object):388
org.apache.commons.csv$CSVFormat#equals(java.lang.Object):389
org.apache.commons.csv$CSVFormat#equals(java.lang.Object):391
org.apache.commons.csv$CSVFormat#equals(java.lang.Object):392
org.apache.commons.csv$CSVFormat#equals(java.lang.Object):394
org.apache.commons.csv$CSVFormat#equals(java.lang.Object):395
org.apache.commons.csv$CSVFormat#equals(java.lang.Object):396
org.apache.commons.csv$CSVFormat#equals(java.lang.Object):398
org.apache.commons.csv$CSVFormat#equals(java.lang.Object):399
org.apache.commons.csv$CSVFormat#equals(java.lang.Object):401
org.apache.commons.csv$CSVFormat#equals(java.lang.Object):402
org.apache.commons.csv$CSVFormat#equals(java.lang.Object):403
org.apache.commons.csv$CSVFormat#equals(java.lang.Object):405
org.apache.commons.csv$CSVFormat#equals(java.lang.Object):406
org.apache.commons.csv$CSVFormat#equals(java.lang.Object):408
org.apache.commons.csv$CSVFormat#equals(java.lang.Object):409
org.apache.commons.csv$CSVFormat#equals(java.lang.Object):410
org.apache.commons.csv$CSVFormat#equals(java.lang.Object):412
org.apache.commons.csv$CSVFormat#equals(java.lang.Object):413
org.apache.commons.csv$CSVFormat#equals(java.lang.Object):415
org.apache.commons.csv$CSVFormat#equals(java.lang.Object):416
org.apache.commons.csv$CSVFormat#equals(java.lang.Object):417
org.apache.commons.csv$CSVFormat#equals(java.lang.Object):419
org.apache.commons.csv$CSVFormat#equals(java.lang.Object):420
org.apache.commons.csv$CSVFormat#equals(java.lang.Object):422
org.apache.commons.csv$CSVFormat#equals(java.lang.Object):423
org.apache.commons.csv$CSVFormat#equals(java.lang.Object):425
org.apache.commons.csv$CSVFormat#equals(java.lang.Object):426
org.apache.commons.csv$CSVFormat#equals(java.lang.Object):428
org.apache.commons.csv$CSVFormat#equals(java.lang.Object):429
org.apache.commons.csv$CSVFormat#equals(java.lang.Object):431
org.apache.commons.csv$CSVFormat#equals(java.lang.Object):432
org.apache.commons.csv$CSVFormat#equals(java.lang.Object):434
org.apache.commons.csv$CSVFormat#equals(java.lang.Object):435
org.apache.commons.csv$CSVFormat#equals(java.lang.Object):436
org.apache.commons.csv$CSVFormat#equals(java.lang.Object):438
org.apache.commons.csv$CSVFormat#equals(java.lang.Object):439
org.apache.commons.csv$CSVFormat#equals(java.lang.Object):441
org.apache.commons.csv$CSVFormat#format(java.lang.Object[]):452
org.apache.commons.csv$CSVFormat#format(java.lang.Object[]):454
org.apache.commons.csv$CSVFormat#format(java.lang.Object[]):455
org.apache.commons.csv$CSVFormat#format(java.lang.Object[]):456
org.apache.commons.csv$CSVFormat#format(java.lang.Object[]):458
org.apache.commons.csv$CSVFormat#getCommentMarker():468
org.apache.commons.csv$CSVFormat#getDelimiter():477
org.apache.commons.csv$CSVFormat#getEscapeCharacter():486
org.apache.commons.csv$CSVFormat#getHeader():495
org.apache.commons.csv$CSVFormat#getAllowMissingColumnNames():505
org.apache.commons.csv$CSVFormat#getIgnoreEmptyLines():515
org.apache.commons.csv$CSVFormat#getIgnoreSurroundingSpaces():525
org.apache.commons.csv$CSVFormat#getNullString():542
org.apache.commons.csv$CSVFormat#getQuoteCharacter():551
org.apache.commons.csv$CSVFormat#getQuoteMode():560
org.apache.commons.csv$CSVFormat#getRecordSeparator():569
org.apache.commons.csv$CSVFormat#getSkipHeaderRecord():578
org.apache.commons.csv$CSVFormat#hashCode():584
org.apache.commons.csv$CSVFormat#hashCode():585
org.apache.commons.csv$CSVFormat#hashCode():587
org.apache.commons.csv$CSVFormat#hashCode():588
org.apache.commons.csv$CSVFormat#hashCode():589
org.apache.commons.csv$CSVFormat#hashCode():590
org.apache.commons.csv$CSVFormat#hashCode():591
org.apache.commons.csv$CSVFormat#hashCode():592
org.apache.commons.csv$CSVFormat#hashCode():593
org.apache.commons.csv$CSVFormat#hashCode():594
org.apache.commons.csv$CSVFormat#hashCode():595
org.apache.commons.csv$CSVFormat#hashCode():596
org.apache.commons.csv$CSVFormat#hashCode():597
org.apache.commons.csv$CSVFormat#hashCode():598
org.apache.commons.csv$CSVFormat#isCommentMarkerSet():609
org.apache.commons.csv$CSVFormat#isEscapeCharacterSet():618
org.apache.commons.csv$CSVFormat#isNullStringSet():627
org.apache.commons.csv$CSVFormat#isQuoteCharacterSet():636
org.apache.commons.csv$CSVFormat#parse(java.io.Reader):653
org.apache.commons.csv$CSVFormat#print(java.lang.Appendable):670
org.apache.commons.csv$CSVFormat#toString():675
org.apache.commons.csv$CSVFormat#toString():676
org.apache.commons.csv$CSVFormat#toString():677
org.apache.commons.csv$CSVFormat#toString():678
org.apache.commons.csv$CSVFormat#toString():679
org.apache.commons.csv$CSVFormat#toString():681
org.apache.commons.csv$CSVFormat#toString():682
org.apache.commons.csv$CSVFormat#toString():683
org.apache.commons.csv$CSVFormat#toString():685
org.apache.commons.csv$CSVFormat#toString():686
org.apache.commons.csv$CSVFormat#toString():687
org.apache.commons.csv$CSVFormat#toString():689
org.apache.commons.csv$CSVFormat#toString():690
org.apache.commons.csv$CSVFormat#toString():691
org.apache.commons.csv$CSVFormat#toString():693
org.apache.commons.csv$CSVFormat#toString():694
org.apache.commons.csv$CSVFormat#toString():695
org.apache.commons.csv$CSVFormat#toString():697
org.apache.commons.csv$CSVFormat#toString():698
org.apache.commons.csv$CSVFormat#toString():700
org.apache.commons.csv$CSVFormat#toString():701
org.apache.commons.csv$CSVFormat#toString():703
org.apache.commons.csv$CSVFormat#toString():704
org.apache.commons.csv$CSVFormat#toString():705
org.apache.commons.csv$CSVFormat#toString():706
org.apache.commons.csv$CSVFormat#toString():708
org.apache.commons.csv$CSVFormat#validate():717
org.apache.commons.csv$CSVFormat#validate():718
org.apache.commons.csv$CSVFormat#validate():722
org.apache.commons.csv$CSVFormat#validate():723
org.apache.commons.csv$CSVFormat#validate():727
org.apache.commons.csv$CSVFormat#validate():728
org.apache.commons.csv$CSVFormat#validate():732
org.apache.commons.csv$CSVFormat#validate():733
org.apache.commons.csv$CSVFormat#validate():737
org.apache.commons.csv$CSVFormat#validate():738
org.apache.commons.csv$CSVFormat#validate():742
org.apache.commons.csv$CSVFormat#validate():743
org.apache.commons.csv$CSVFormat#validate():745
org.apache.commons.csv$CSVFormat#withCommentMarker(char):759
org.apache.commons.csv$CSVFormat#withCommentMarker(java.lang.Character):774
org.apache.commons.csv$CSVFormat#withCommentMarker(java.lang.Character):775
org.apache.commons.csv$CSVFormat#withCommentMarker(java.lang.Character):777
org.apache.commons.csv$CSVFormat#withDelimiter(char):792
org.apache.commons.csv$CSVFormat#withDelimiter(char):793
org.apache.commons.csv$CSVFormat#withDelimiter(char):795
org.apache.commons.csv$CSVFormat#withEscape(char):810
org.apache.commons.csv$CSVFormat#withEscape(java.lang.Character):823
org.apache.commons.csv$CSVFormat#withEscape(java.lang.Character):824
org.apache.commons.csv$CSVFormat#withEscape(java.lang.Character):826
org.apache.commons.csv$CSVFormat#withHeader(java.lang.String[]):849
org.apache.commons.csv$CSVFormat#withAllowMissingColumnNames(boolean):863
org.apache.commons.csv$CSVFormat#withIgnoreEmptyLines(boolean):877
org.apache.commons.csv$CSVFormat#withIgnoreSurroundingSpaces(boolean):891
org.apache.commons.csv$CSVFormat#withNullString(java.lang.String):912
org.apache.commons.csv$CSVFormat#withQuote(char):927
org.apache.commons.csv$CSVFormat#withQuote(java.lang.Character):940
org.apache.commons.csv$CSVFormat#withQuote(java.lang.Character):941
org.apache.commons.csv$CSVFormat#withQuote(java.lang.Character):943
org.apache.commons.csv$CSVFormat#withQuoteMode(org.apache.commons.csv.QuoteMode):957
org.apache.commons.csv$CSVFormat#withRecordSeparator(char):974
org.apache.commons.csv$CSVFormat#withRecordSeparator(java.lang.String):991
org.apache.commons.csv$CSVFormat#withSkipHeaderRecord(boolean):1006
org.apache.commons.csv$Constants#Constants():25
org.apache.commons.csv$Constants#<clinit>():36
org.apache.commons.csv$QuoteMode#QuoteMode(java.lang.String,int):24
org.apache.commons.csv$QuoteMode#<clinit>():29
org.apache.commons.csv$QuoteMode#<clinit>():35
org.apache.commons.csv$QuoteMode#<clinit>():40
org.apache.commons.csv$QuoteMode#<clinit>():47
org.apache.commons.csv$QuoteMode#<clinit>():24
org.apache.commons.csv$Lexer#Lexer(org.apache.commons.csv.CSVFormat,org.apache.commons.csv.ExtendedBufferedReader):62
org.apache.commons.csv$Lexer#Lexer(org.apache.commons.csv.CSVFormat,org.apache.commons.csv.ExtendedBufferedReader):63
org.apache.commons.csv$Lexer#Lexer(org.apache.commons.csv.CSVFormat,org.apache.commons.csv.ExtendedBufferedReader):64
org.apache.commons.csv$Lexer#Lexer(org.apache.commons.csv.CSVFormat,org.apache.commons.csv.ExtendedBufferedReader):65
org.apache.commons.csv$Lexer#Lexer(org.apache.commons.csv.CSVFormat,org.apache.commons.csv.ExtendedBufferedReader):66
org.apache.commons.csv$Lexer#Lexer(org.apache.commons.csv.CSVFormat,org.apache.commons.csv.ExtendedBufferedReader):67
org.apache.commons.csv$Lexer#Lexer(org.apache.commons.csv.CSVFormat,org.apache.commons.csv.ExtendedBufferedReader):68
org.apache.commons.csv$Lexer#Lexer(org.apache.commons.csv.CSVFormat,org.apache.commons.csv.ExtendedBufferedReader):69
org.apache.commons.csv$Lexer#Lexer(org.apache.commons.csv.CSVFormat,org.apache.commons.csv.ExtendedBufferedReader):70
org.apache.commons.csv$Lexer#nextToken(org.apache.commons.csv.Token):86
org.apache.commons.csv$Lexer#nextToken(org.apache.commons.csv.Token):89
org.apache.commons.csv$Lexer#nextToken(org.apache.commons.csv.Token):94
org.apache.commons.csv$Lexer#nextToken(org.apache.commons.csv.Token):97
org.apache.commons.csv$Lexer#nextToken(org.apache.commons.csv.Token):98
org.apache.commons.csv$Lexer#nextToken(org.apache.commons.csv.Token):100
org.apache.commons.csv$Lexer#nextToken(org.apache.commons.csv.Token):101
org.apache.commons.csv$Lexer#nextToken(org.apache.commons.csv.Token):102
org.apache.commons.csv$Lexer#nextToken(org.apache.commons.csv.Token):104
org.apache.commons.csv$Lexer#nextToken(org.apache.commons.csv.Token):105
org.apache.commons.csv$Lexer#nextToken(org.apache.commons.csv.Token):107
org.apache.commons.csv$Lexer#nextToken(org.apache.commons.csv.Token):113
org.apache.commons.csv$Lexer#nextToken(org.apache.commons.csv.Token):114
org.apache.commons.csv$Lexer#nextToken(org.apache.commons.csv.Token):116
org.apache.commons.csv$Lexer#nextToken(org.apache.commons.csv.Token):119
org.apache.commons.csv$Lexer#nextToken(org.apache.commons.csv.Token):120
org.apache.commons.csv$Lexer#nextToken(org.apache.commons.csv.Token):121
org.apache.commons.csv$Lexer#nextToken(org.apache.commons.csv.Token):122
org.apache.commons.csv$Lexer#nextToken(org.apache.commons.csv.Token):124
org.apache.commons.csv$Lexer#nextToken(org.apache.commons.csv.Token):126
org.apache.commons.csv$Lexer#nextToken(org.apache.commons.csv.Token):127
org.apache.commons.csv$Lexer#nextToken(org.apache.commons.csv.Token):128
org.apache.commons.csv$Lexer#nextToken(org.apache.commons.csv.Token):129
org.apache.commons.csv$Lexer#nextToken(org.apache.commons.csv.Token):133
org.apache.commons.csv$Lexer#nextToken(org.apache.commons.csv.Token):135
org.apache.commons.csv$Lexer#nextToken(org.apache.commons.csv.Token):136
org.apache.commons.csv$Lexer#nextToken(org.apache.commons.csv.Token):137
org.apache.commons.csv$Lexer#nextToken(org.apache.commons.csv.Token):138
org.apache.commons.csv$Lexer#nextToken(org.apache.commons.csv.Token):143
org.apache.commons.csv$Lexer#nextToken(org.apache.commons.csv.Token):145
org.apache.commons.csv$Lexer#nextToken(org.apache.commons.csv.Token):146
org.apache.commons.csv$Lexer#nextToken(org.apache.commons.csv.Token):149
org.apache.commons.csv$Lexer#nextToken(org.apache.commons.csv.Token):150
org.apache.commons.csv$Lexer#nextToken(org.apache.commons.csv.Token):152
org.apache.commons.csv$Lexer#nextToken(org.apache.commons.csv.Token):153
org.apache.commons.csv$Lexer#nextToken(org.apache.commons.csv.Token):156
org.apache.commons.csv$Lexer#nextToken(org.apache.commons.csv.Token):157
org.apache.commons.csv$Lexer#nextToken(org.apache.commons.csv.Token):161
org.apache.commons.csv$Lexer#nextToken(org.apache.commons.csv.Token):164
org.apache.commons.csv$Lexer#parseSimpleToken(org.apache.commons.csv.Token,int):189
org.apache.commons.csv$Lexer#parseSimpleToken(org.apache.commons.csv.Token,int):190
org.apache.commons.csv$Lexer#parseSimpleToken(org.apache.commons.csv.Token,int):191
org.apache.commons.csv$Lexer#parseSimpleToken(org.apache.commons.csv.Token,int):192
org.apache.commons.csv$Lexer#parseSimpleToken(org.apache.commons.csv.Token,int):193
org.apache.commons.csv$Lexer#parseSimpleToken(org.apache.commons.csv.Token,int):194
org.apache.commons.csv$Lexer#parseSimpleToken(org.apache.commons.csv.Token,int):195
org.apache.commons.csv$Lexer#parseSimpleToken(org.apache.commons.csv.Token,int):196
org.apache.commons.csv$Lexer#parseSimpleToken(org.apache.commons.csv.Token,int):197
org.apache.commons.csv$Lexer#parseSimpleToken(org.apache.commons.csv.Token,int):198
org.apache.commons.csv$Lexer#parseSimpleToken(org.apache.commons.csv.Token,int):199
org.apache.commons.csv$Lexer#parseSimpleToken(org.apache.commons.csv.Token,int):200
org.apache.commons.csv$Lexer#parseSimpleToken(org.apache.commons.csv.Token,int):201
org.apache.commons.csv$Lexer#parseSimpleToken(org.apache.commons.csv.Token,int):202
org.apache.commons.csv$Lexer#parseSimpleToken(org.apache.commons.csv.Token,int):204
org.apache.commons.csv$Lexer#parseSimpleToken(org.apache.commons.csv.Token,int):206
org.apache.commons.csv$Lexer#parseSimpleToken(org.apache.commons.csv.Token,int):207
org.apache.commons.csv$Lexer#parseSimpleToken(org.apache.commons.csv.Token,int):208
org.apache.commons.csv$Lexer#parseSimpleToken(org.apache.commons.csv.Token,int):209
org.apache.commons.csv$Lexer#parseSimpleToken(org.apache.commons.csv.Token,int):213
org.apache.commons.csv$Lexer#parseSimpleToken(org.apache.commons.csv.Token,int):214
org.apache.commons.csv$Lexer#parseSimpleToken(org.apache.commons.csv.Token,int):217
org.apache.commons.csv$Lexer#parseEncapsulatedToken(org.apache.commons.csv.Token):242
org.apache.commons.csv$Lexer#parseEncapsulatedToken(org.apache.commons.csv.Token):245
org.apache.commons.csv$Lexer#parseEncapsulatedToken(org.apache.commons.csv.Token):247
org.apache.commons.csv$Lexer#parseEncapsulatedToken(org.apache.commons.csv.Token):248
org.apache.commons.csv$Lexer#parseEncapsulatedToken(org.apache.commons.csv.Token):249
org.apache.commons.csv$Lexer#parseEncapsulatedToken(org.apache.commons.csv.Token):250
org.apache.commons.csv$Lexer#parseEncapsulatedToken(org.apache.commons.csv.Token):252
org.apache.commons.csv$Lexer#parseEncapsulatedToken(org.apache.commons.csv.Token):254
org.apache.commons.csv$Lexer#parseEncapsulatedToken(org.apache.commons.csv.Token):255
org.apache.commons.csv$Lexer#parseEncapsulatedToken(org.apache.commons.csv.Token):257
org.apache.commons.csv$Lexer#parseEncapsulatedToken(org.apache.commons.csv.Token):258
org.apache.commons.csv$Lexer#parseEncapsulatedToken(org.apache.commons.csv.Token):262
org.apache.commons.csv$Lexer#parseEncapsulatedToken(org.apache.commons.csv.Token):263
org.apache.commons.csv$Lexer#parseEncapsulatedToken(org.apache.commons.csv.Token):264
org.apache.commons.csv$Lexer#parseEncapsulatedToken(org.apache.commons.csv.Token):265
org.apache.commons.csv$Lexer#parseEncapsulatedToken(org.apache.commons.csv.Token):266
org.apache.commons.csv$Lexer#parseEncapsulatedToken(org.apache.commons.csv.Token):267
org.apache.commons.csv$Lexer#parseEncapsulatedToken(org.apache.commons.csv.Token):268
org.apache.commons.csv$Lexer#parseEncapsulatedToken(org.apache.commons.csv.Token):269
org.apache.commons.csv$Lexer#parseEncapsulatedToken(org.apache.commons.csv.Token):270
org.apache.commons.csv$Lexer#parseEncapsulatedToken(org.apache.commons.csv.Token):271
org.apache.commons.csv$Lexer#parseEncapsulatedToken(org.apache.commons.csv.Token):272
org.apache.commons.csv$Lexer#parseEncapsulatedToken(org.apache.commons.csv.Token):273
org.apache.commons.csv$Lexer#parseEncapsulatedToken(org.apache.commons.csv.Token):275
org.apache.commons.csv$Lexer#parseEncapsulatedToken(org.apache.commons.csv.Token):280
org.apache.commons.csv$Lexer#parseEncapsulatedToken(org.apache.commons.csv.Token):282
org.apache.commons.csv$Lexer#parseEncapsulatedToken(org.apache.commons.csv.Token):286
org.apache.commons.csv$Lexer#mapNullToDisabled(java.lang.Character):292
org.apache.commons.csv$Lexer#getCurrentLineNumber():301
org.apache.commons.csv$Lexer#readEscape():318
org.apache.commons.csv$Lexer#readEscape():319
org.apache.commons.csv$Lexer#readEscape():321
org.apache.commons.csv$Lexer#readEscape():323
org.apache.commons.csv$Lexer#readEscape():325
org.apache.commons.csv$Lexer#readEscape():327
org.apache.commons.csv$Lexer#readEscape():329
org.apache.commons.csv$Lexer#readEscape():335
org.apache.commons.csv$Lexer#readEscape():337
org.apache.commons.csv$Lexer#readEscape():340
org.apache.commons.csv$Lexer#readEscape():341
org.apache.commons.csv$Lexer#readEscape():344
org.apache.commons.csv$Lexer#trimTrailingSpaces(java.lang.StringBuilder):349
org.apache.commons.csv$Lexer#trimTrailingSpaces(java.lang.StringBuilder):350
org.apache.commons.csv$Lexer#trimTrailingSpaces(java.lang.StringBuilder):351
org.apache.commons.csv$Lexer#trimTrailingSpaces(java.lang.StringBuilder):353
org.apache.commons.csv$Lexer#trimTrailingSpaces(java.lang.StringBuilder):354
org.apache.commons.csv$Lexer#trimTrailingSpaces(java.lang.StringBuilder):356
org.apache.commons.csv$Lexer#readEndOfLine(int):365
org.apache.commons.csv$Lexer#readEndOfLine(int):367
org.apache.commons.csv$Lexer#readEndOfLine(int):369
org.apache.commons.csv$Lexer#isClosed():373
org.apache.commons.csv$Lexer#isWhitespace(int):380
org.apache.commons.csv$Lexer#isStartOfLine(int):390
org.apache.commons.csv$Lexer#isEndOfFile(int):397
org.apache.commons.csv$Lexer#isDelimiter(int):401
org.apache.commons.csv$Lexer#isEscape(int):405
org.apache.commons.csv$Lexer#isQuoteChar(int):409
org.apache.commons.csv$Lexer#isCommentStart(int):413
org.apache.commons.csv$Lexer#isMetaChar(int):417
org.apache.commons.csv$Lexer#close():430
org.apache.commons.csv$Lexer#close():431
org.apache.commons.csv$ExtendedBufferedReader#ExtendedBufferedReader(java.io.Reader):51
org.apache.commons.csv$ExtendedBufferedReader#ExtendedBufferedReader(java.io.Reader):40
org.apache.commons.csv$ExtendedBufferedReader#ExtendedBufferedReader(java.io.Reader):43
org.apache.commons.csv$ExtendedBufferedReader#ExtendedBufferedReader(java.io.Reader):52
org.apache.commons.csv$ExtendedBufferedReader#read():56
org.apache.commons.csv$ExtendedBufferedReader#read():57
org.apache.commons.csv$ExtendedBufferedReader#read():58
org.apache.commons.csv$ExtendedBufferedReader#read():60
org.apache.commons.csv$ExtendedBufferedReader#read():61
org.apache.commons.csv$ExtendedBufferedReader#getLastChar():73
org.apache.commons.csv$ExtendedBufferedReader#read(char[],int,int):78
org.apache.commons.csv$ExtendedBufferedReader#read(char[],int,int):79
org.apache.commons.csv$ExtendedBufferedReader#read(char[],int,int):82
org.apache.commons.csv$ExtendedBufferedReader#read(char[],int,int):84
org.apache.commons.csv$ExtendedBufferedReader#read(char[],int,int):86
org.apache.commons.csv$ExtendedBufferedReader#read(char[],int,int):87
org.apache.commons.csv$ExtendedBufferedReader#read(char[],int,int):88
org.apache.commons.csv$ExtendedBufferedReader#read(char[],int,int):89
org.apache.commons.csv$ExtendedBufferedReader#read(char[],int,int):90
org.apache.commons.csv$ExtendedBufferedReader#read(char[],int,int):92
org.apache.commons.csv$ExtendedBufferedReader#read(char[],int,int):93
org.apache.commons.csv$ExtendedBufferedReader#read(char[],int,int):97
org.apache.commons.csv$ExtendedBufferedReader#read(char[],int,int):99
org.apache.commons.csv$ExtendedBufferedReader#read(char[],int,int):100
org.apache.commons.csv$ExtendedBufferedReader#read(char[],int,int):103
org.apache.commons.csv$ExtendedBufferedReader#readLine():118
org.apache.commons.csv$ExtendedBufferedReader#readLine():120
org.apache.commons.csv$ExtendedBufferedReader#readLine():121
org.apache.commons.csv$ExtendedBufferedReader#readLine():122
org.apache.commons.csv$ExtendedBufferedReader#readLine():124
org.apache.commons.csv$ExtendedBufferedReader#readLine():127
org.apache.commons.csv$ExtendedBufferedReader#lookAhead():140
org.apache.commons.csv$ExtendedBufferedReader#lookAhead():141
org.apache.commons.csv$ExtendedBufferedReader#lookAhead():142
org.apache.commons.csv$ExtendedBufferedReader#lookAhead():144
org.apache.commons.csv$ExtendedBufferedReader#getCurrentLineNumber():154
org.apache.commons.csv$ExtendedBufferedReader#getCurrentLineNumber():155
org.apache.commons.csv$ExtendedBufferedReader#getCurrentLineNumber():157
org.apache.commons.csv$ExtendedBufferedReader#isClosed():161
org.apache.commons.csv$ExtendedBufferedReader#close():173
org.apache.commons.csv$ExtendedBufferedReader#close():174
org.apache.commons.csv$ExtendedBufferedReader#close():175
org.apache.commons.csv$ExtendedBufferedReader#close():176
org.apache.commons.csv$Token#Token():29
org.apache.commons.csv$Token#Token():52
org.apache.commons.csv$Token#Token():55
org.apache.commons.csv$Token#reset():61
org.apache.commons.csv$Token#reset():62
org.apache.commons.csv$Token#reset():63
org.apache.commons.csv$Token#reset():64
org.apache.commons.csv$Token#toString():73
org.apache.commons.csv$Token$Type#Token$Type(java.lang.String,int):34
org.apache.commons.csv$Token$Type#<clinit>():36
org.apache.commons.csv$Token$Type#<clinit>():39
org.apache.commons.csv$Token$Type#<clinit>():42
org.apache.commons.csv$Token$Type#<clinit>():45
org.apache.commons.csv$Token$Type#<clinit>():48
org.apache.commons.csv$Token$Type#<clinit>():34
org.apache.commons.csv$CSVPrinter#CSVPrinter(java.lang.Appendable,org.apache.commons.csv.CSVFormat):61
org.apache.commons.csv$CSVPrinter#CSVPrinter(java.lang.Appendable,org.apache.commons.csv.CSVFormat):43
org.apache.commons.csv$CSVPrinter#CSVPrinter(java.lang.Appendable,org.apache.commons.csv.CSVFormat):62
org.apache.commons.csv$CSVPrinter#CSVPrinter(java.lang.Appendable,org.apache.commons.csv.CSVFormat):63
org.apache.commons.csv$CSVPrinter#CSVPrinter(java.lang.Appendable,org.apache.commons.csv.CSVFormat):65
org.apache.commons.csv$CSVPrinter#CSVPrinter(java.lang.Appendable,org.apache.commons.csv.CSVFormat):66
org.apache.commons.csv$CSVPrinter#CSVPrinter(java.lang.Appendable,org.apache.commons.csv.CSVFormat):69
org.apache.commons.csv$CSVPrinter#CSVPrinter(java.lang.Appendable,org.apache.commons.csv.CSVFormat):70
org.apache.commons.csv$CSVPrinter#CSVPrinter(java.lang.Appendable,org.apache.commons.csv.CSVFormat):72
org.apache.commons.csv$CSVPrinter#close():79
org.apache.commons.csv$CSVPrinter#close():80
org.apache.commons.csv$CSVPrinter#close():82
org.apache.commons.csv$CSVPrinter#flush():91
org.apache.commons.csv$CSVPrinter#flush():92
org.apache.commons.csv$CSVPrinter#flush():94
org.apache.commons.csv$CSVPrinter#print(java.lang.Object):107
org.apache.commons.csv$CSVPrinter#print(java.lang.Object):108
org.apache.commons.csv$CSVPrinter#print(java.lang.Object):109
org.apache.commons.csv$CSVPrinter#print(java.lang.Object):110
org.apache.commons.csv$CSVPrinter#print(java.lang.Object):111
org.apache.commons.csv$CSVPrinter#print(java.lang.Object):113
org.apache.commons.csv$CSVPrinter#print(java.lang.Object):114
org.apache.commons.csv$CSVPrinter#print(java.lang.Object,java.lang.CharSequence,int,int):118
org.apache.commons.csv$CSVPrinter#print(java.lang.Object,java.lang.CharSequence,int,int):119
org.apache.commons.csv$CSVPrinter#print(java.lang.Object,java.lang.CharSequence,int,int):121
org.apache.commons.csv$CSVPrinter#print(java.lang.Object,java.lang.CharSequence,int,int):123
org.apache.commons.csv$CSVPrinter#print(java.lang.Object,java.lang.CharSequence,int,int):124
org.apache.commons.csv$CSVPrinter#print(java.lang.Object,java.lang.CharSequence,int,int):125
org.apache.commons.csv$CSVPrinter#print(java.lang.Object,java.lang.CharSequence,int,int):127
org.apache.commons.csv$CSVPrinter#print(java.lang.Object,java.lang.CharSequence,int,int):129
org.apache.commons.csv$CSVPrinter#print(java.lang.Object,java.lang.CharSequence,int,int):130
org.apache.commons.csv$CSVPrinter#printAndEscape(java.lang.CharSequence,int,int):136
org.apache.commons.csv$CSVPrinter#printAndEscape(java.lang.CharSequence,int,int):137
org.apache.commons.csv$CSVPrinter#printAndEscape(java.lang.CharSequence,int,int):138
org.apache.commons.csv$CSVPrinter#printAndEscape(java.lang.CharSequence,int,int):140
org.apache.commons.csv$CSVPrinter#printAndEscape(java.lang.CharSequence,int,int):141
org.apache.commons.csv$CSVPrinter#printAndEscape(java.lang.CharSequence,int,int):143
org.apache.commons.csv$CSVPrinter#printAndEscape(java.lang.CharSequence,int,int):144
org.apache.commons.csv$CSVPrinter#printAndEscape(java.lang.CharSequence,int,int):145
org.apache.commons.csv$CSVPrinter#printAndEscape(java.lang.CharSequence,int,int):147
org.apache.commons.csv$CSVPrinter#printAndEscape(java.lang.CharSequence,int,int):148
org.apache.commons.csv$CSVPrinter#printAndEscape(java.lang.CharSequence,int,int):150
org.apache.commons.csv$CSVPrinter#printAndEscape(java.lang.CharSequence,int,int):151
org.apache.commons.csv$CSVPrinter#printAndEscape(java.lang.CharSequence,int,int):152
org.apache.commons.csv$CSVPrinter#printAndEscape(java.lang.CharSequence,int,int):153
org.apache.commons.csv$CSVPrinter#printAndEscape(java.lang.CharSequence,int,int):156
org.apache.commons.csv$CSVPrinter#printAndEscape(java.lang.CharSequence,int,int):157
org.apache.commons.csv$CSVPrinter#printAndEscape(java.lang.CharSequence,int,int):159
org.apache.commons.csv$CSVPrinter#printAndEscape(java.lang.CharSequence,int,int):162
org.apache.commons.csv$CSVPrinter#printAndEscape(java.lang.CharSequence,int,int):163
org.apache.commons.csv$CSVPrinter#printAndEscape(java.lang.CharSequence,int,int):166
org.apache.commons.csv$CSVPrinter#printAndEscape(java.lang.CharSequence,int,int):167
org.apache.commons.csv$CSVPrinter#printAndEscape(java.lang.CharSequence,int,int):169
org.apache.commons.csv$CSVPrinter#printAndQuote(java.lang.Object,java.lang.CharSequence,int,int):177
org.apache.commons.csv$CSVPrinter#printAndQuote(java.lang.Object,java.lang.CharSequence,int,int):178
org.apache.commons.csv$CSVPrinter#printAndQuote(java.lang.Object,java.lang.CharSequence,int,int):179
org.apache.commons.csv$CSVPrinter#printAndQuote(java.lang.Object,java.lang.CharSequence,int,int):180
org.apache.commons.csv$CSVPrinter#printAndQuote(java.lang.Object,java.lang.CharSequence,int,int):182
org.apache.commons.csv$CSVPrinter#printAndQuote(java.lang.Object,java.lang.CharSequence,int,int):183
org.apache.commons.csv$CSVPrinter#printAndQuote(java.lang.Object,java.lang.CharSequence,int,int):185
org.apache.commons.csv$CSVPrinter#printAndQuote(java.lang.Object,java.lang.CharSequence,int,int):186
org.apache.commons.csv$CSVPrinter#printAndQuote(java.lang.Object,java.lang.CharSequence,int,int):187
org.apache.commons.csv$CSVPrinter#printAndQuote(java.lang.Object,java.lang.CharSequence,int,int):189
org.apache.commons.csv$CSVPrinter#printAndQuote(java.lang.Object,java.lang.CharSequence,int,int):191
org.apache.commons.csv$CSVPrinter#printAndQuote(java.lang.Object,java.lang.CharSequence,int,int):192
org.apache.commons.csv$CSVPrinter#printAndQuote(java.lang.Object,java.lang.CharSequence,int,int):194
org.apache.commons.csv$CSVPrinter#printAndQuote(java.lang.Object,java.lang.CharSequence,int,int):195
org.apache.commons.csv$CSVPrinter#printAndQuote(java.lang.Object,java.lang.CharSequence,int,int):198
org.apache.commons.csv$CSVPrinter#printAndQuote(java.lang.Object,java.lang.CharSequence,int,int):199
org.apache.commons.csv$CSVPrinter#printAndQuote(java.lang.Object,java.lang.CharSequence,int,int):201
org.apache.commons.csv$CSVPrinter#printAndQuote(java.lang.Object,java.lang.CharSequence,int,int):206
org.apache.commons.csv$CSVPrinter#printAndQuote(java.lang.Object,java.lang.CharSequence,int,int):207
org.apache.commons.csv$CSVPrinter#printAndQuote(java.lang.Object,java.lang.CharSequence,int,int):210
org.apache.commons.csv$CSVPrinter#printAndQuote(java.lang.Object,java.lang.CharSequence,int,int):213
org.apache.commons.csv$CSVPrinter#printAndQuote(java.lang.Object,java.lang.CharSequence,int,int):214
org.apache.commons.csv$CSVPrinter#printAndQuote(java.lang.Object,java.lang.CharSequence,int,int):215
org.apache.commons.csv$CSVPrinter#printAndQuote(java.lang.Object,java.lang.CharSequence,int,int):219
org.apache.commons.csv$CSVPrinter#printAndQuote(java.lang.Object,java.lang.CharSequence,int,int):221
org.apache.commons.csv$CSVPrinter#printAndQuote(java.lang.Object,java.lang.CharSequence,int,int):222
org.apache.commons.csv$CSVPrinter#printAndQuote(java.lang.Object,java.lang.CharSequence,int,int):223
org.apache.commons.csv$CSVPrinter#printAndQuote(java.lang.Object,java.lang.CharSequence,int,int):224
org.apache.commons.csv$CSVPrinter#printAndQuote(java.lang.Object,java.lang.CharSequence,int,int):225
org.apache.commons.csv$CSVPrinter#printAndQuote(java.lang.Object,java.lang.CharSequence,int,int):227
org.apache.commons.csv$CSVPrinter#printAndQuote(java.lang.Object,java.lang.CharSequence,int,int):230
org.apache.commons.csv$CSVPrinter#printAndQuote(java.lang.Object,java.lang.CharSequence,int,int):231
org.apache.commons.csv$CSVPrinter#printAndQuote(java.lang.Object,java.lang.CharSequence,int,int):232
org.apache.commons.csv$CSVPrinter#printAndQuote(java.lang.Object,java.lang.CharSequence,int,int):235
org.apache.commons.csv$CSVPrinter#printAndQuote(java.lang.Object,java.lang.CharSequence,int,int):236
org.apache.commons.csv$CSVPrinter#printAndQuote(java.lang.Object,java.lang.CharSequence,int,int):242
org.apache.commons.csv$CSVPrinter#printAndQuote(java.lang.Object,java.lang.CharSequence,int,int):244
org.apache.commons.csv$CSVPrinter#printAndQuote(java.lang.Object,java.lang.CharSequence,int,int):245
org.apache.commons.csv$CSVPrinter#printAndQuote(java.lang.Object,java.lang.CharSequence,int,int):249
org.apache.commons.csv$CSVPrinter#printAndQuote(java.lang.Object,java.lang.CharSequence,int,int):252
org.apache.commons.csv$CSVPrinter#printAndQuote(java.lang.Object,java.lang.CharSequence,int,int):254
org.apache.commons.csv$CSVPrinter#printAndQuote(java.lang.Object,java.lang.CharSequence,int,int):255
org.apache.commons.csv$CSVPrinter#printAndQuote(java.lang.Object,java.lang.CharSequence,int,int):259
org.apache.commons.csv$CSVPrinter#printAndQuote(java.lang.Object,java.lang.CharSequence,int,int):263
org.apache.commons.csv$CSVPrinter#printAndQuote(java.lang.Object,java.lang.CharSequence,int,int):264
org.apache.commons.csv$CSVPrinter#printAndQuote(java.lang.Object,java.lang.CharSequence,int,int):265
org.apache.commons.csv$CSVPrinter#printAndQuote(java.lang.Object,java.lang.CharSequence,int,int):269
org.apache.commons.csv$CSVPrinter#printAndQuote(java.lang.Object,java.lang.CharSequence,int,int):272
org.apache.commons.csv$CSVPrinter#printAndQuote(java.lang.Object,java.lang.CharSequence,int,int):274
org.apache.commons.csv$CSVPrinter#printAndQuote(java.lang.Object,java.lang.CharSequence,int,int):275
org.apache.commons.csv$CSVPrinter#printAndQuote(java.lang.Object,java.lang.CharSequence,int,int):278
org.apache.commons.csv$CSVPrinter#printAndQuote(java.lang.Object,java.lang.CharSequence,int,int):279
org.apache.commons.csv$CSVPrinter#printAndQuote(java.lang.Object,java.lang.CharSequence,int,int):280
org.apache.commons.csv$CSVPrinter#printComment(java.lang.String):298
org.apache.commons.csv$CSVPrinter#printComment(java.lang.String):299
org.apache.commons.csv$CSVPrinter#printComment(java.lang.String):301
org.apache.commons.csv$CSVPrinter#printComment(java.lang.String):302
org.apache.commons.csv$CSVPrinter#printComment(java.lang.String):304
org.apache.commons.csv$CSVPrinter#printComment(java.lang.String):305
org.apache.commons.csv$CSVPrinter#printComment(java.lang.String):306
org.apache.commons.csv$CSVPrinter#printComment(java.lang.String):307
org.apache.commons.csv$CSVPrinter#printComment(java.lang.String):308
org.apache.commons.csv$CSVPrinter#printComment(java.lang.String):310
org.apache.commons.csv$CSVPrinter#printComment(java.lang.String):311
org.apache.commons.csv$CSVPrinter#printComment(java.lang.String):315
org.apache.commons.csv$CSVPrinter#printComment(java.lang.String):316
org.apache.commons.csv$CSVPrinter#printComment(java.lang.String):317
org.apache.commons.csv$CSVPrinter#printComment(java.lang.String):318
org.apache.commons.csv$CSVPrinter#printComment(java.lang.String):320
org.apache.commons.csv$CSVPrinter#printComment(java.lang.String):324
org.apache.commons.csv$CSVPrinter#printComment(java.lang.String):325
org.apache.commons.csv$CSVPrinter#println():334
org.apache.commons.csv$CSVPrinter#println():335
org.apache.commons.csv$CSVPrinter#println():336
org.apache.commons.csv$CSVPrinter#println():338
org.apache.commons.csv$CSVPrinter#println():339
org.apache.commons.csv$CSVPrinter#printRecord(java.lang.Iterable):355
org.apache.commons.csv$CSVPrinter#printRecord(java.lang.Iterable):356
org.apache.commons.csv$CSVPrinter#printRecord(java.lang.Iterable):357
org.apache.commons.csv$CSVPrinter#printRecord(java.lang.Iterable):358
org.apache.commons.csv$CSVPrinter#printRecord(java.lang.Iterable):359
org.apache.commons.csv$CSVPrinter#printRecord(java.lang.Object[]):375
org.apache.commons.csv$CSVPrinter#printRecord(java.lang.Object[]):376
org.apache.commons.csv$CSVPrinter#printRecord(java.lang.Object[]):378
org.apache.commons.csv$CSVPrinter#printRecord(java.lang.Object[]):379
org.apache.commons.csv$CSVPrinter#printRecords(java.lang.Iterable):413
org.apache.commons.csv$CSVPrinter#printRecords(java.lang.Iterable):414
org.apache.commons.csv$CSVPrinter#printRecords(java.lang.Iterable):415
org.apache.commons.csv$CSVPrinter#printRecords(java.lang.Iterable):416
org.apache.commons.csv$CSVPrinter#printRecords(java.lang.Iterable):417
org.apache.commons.csv$CSVPrinter#printRecords(java.lang.Iterable):419
org.apache.commons.csv$CSVPrinter#printRecords(java.lang.Iterable):421
org.apache.commons.csv$CSVPrinter#printRecords(java.lang.Iterable):422
org.apache.commons.csv$CSVPrinter#printRecords(java.lang.Object[]):456
org.apache.commons.csv$CSVPrinter#printRecords(java.lang.Object[]):457
org.apache.commons.csv$CSVPrinter#printRecords(java.lang.Object[]):458
org.apache.commons.csv$CSVPrinter#printRecords(java.lang.Object[]):459
org.apache.commons.csv$CSVPrinter#printRecords(java.lang.Object[]):460
org.apache.commons.csv$CSVPrinter#printRecords(java.lang.Object[]):462
org.apache.commons.csv$CSVPrinter#printRecords(java.lang.Object[]):465
org.apache.commons.csv$CSVPrinter#printRecords(java.sql.ResultSet):477
org.apache.commons.csv$CSVPrinter#printRecords(java.sql.ResultSet):478
org.apache.commons.csv$CSVPrinter#printRecords(java.sql.ResultSet):479
org.apache.commons.csv$CSVPrinter#printRecords(java.sql.ResultSet):480
org.apache.commons.csv$CSVPrinter#printRecords(java.sql.ResultSet):482
org.apache.commons.csv$CSVPrinter#printRecords(java.sql.ResultSet):484
org.apache.commons.csv$CSVPrinter#getOut():492
org.apache.commons.csv$Assertions#Assertions():27
org.apache.commons.csv$Assertions#Assertions():29
org.apache.commons.csv$Assertions#notNull(java.lang.Object,java.lang.String):32
org.apache.commons.csv$Assertions#notNull(java.lang.Object,java.lang.String):33
org.apache.commons.csv$Assertions#notNull(java.lang.Object,java.lang.String):35
org.apache.commons.csv$CSVPrinter$1#<clinit>():189
org.apache.commons.csv$CSVParser#CSVParser(java.io.Reader,org.apache.commons.csv.CSVFormat):242
org.apache.commons.csv$CSVParser#CSVParser(java.io.Reader,org.apache.commons.csv.CSVFormat):219
org.apache.commons.csv$CSVParser#CSVParser(java.io.Reader,org.apache.commons.csv.CSVFormat):223
org.apache.commons.csv$CSVParser#CSVParser(java.io.Reader,org.apache.commons.csv.CSVFormat):243
org.apache.commons.csv$CSVParser#CSVParser(java.io.Reader,org.apache.commons.csv.CSVFormat):244
org.apache.commons.csv$CSVParser#CSVParser(java.io.Reader,org.apache.commons.csv.CSVFormat):246
org.apache.commons.csv$CSVParser#CSVParser(java.io.Reader,org.apache.commons.csv.CSVFormat):247
org.apache.commons.csv$CSVParser#CSVParser(java.io.Reader,org.apache.commons.csv.CSVFormat):248
org.apache.commons.csv$CSVParser#CSVParser(java.io.Reader,org.apache.commons.csv.CSVFormat):249
org.apache.commons.csv$CSVParser#parse(java.io.File,java.nio.charset.Charset,org.apache.commons.csv.CSVFormat):155
org.apache.commons.csv$CSVParser#parse(java.io.File,java.nio.charset.Charset,org.apache.commons.csv.CSVFormat):156
org.apache.commons.csv$CSVParser#parse(java.io.File,java.nio.charset.Charset,org.apache.commons.csv.CSVFormat):158
org.apache.commons.csv$CSVParser#parse(java.lang.String,org.apache.commons.csv.CSVFormat):175
org.apache.commons.csv$CSVParser#parse(java.lang.String,org.apache.commons.csv.CSVFormat):176
org.apache.commons.csv$CSVParser#parse(java.lang.String,org.apache.commons.csv.CSVFormat):178
org.apache.commons.csv$CSVParser#parse(java.net.URL,java.nio.charset.Charset,org.apache.commons.csv.CSVFormat):202
org.apache.commons.csv$CSVParser#parse(java.net.URL,java.nio.charset.Charset,org.apache.commons.csv.CSVFormat):203
org.apache.commons.csv$CSVParser#parse(java.net.URL,java.nio.charset.Charset,org.apache.commons.csv.CSVFormat):204
org.apache.commons.csv$CSVParser#parse(java.net.URL,java.nio.charset.Charset,org.apache.commons.csv.CSVFormat):206
org.apache.commons.csv$CSVParser#addRecordValue():252
org.apache.commons.csv$CSVParser#addRecordValue():253
org.apache.commons.csv$CSVParser#addRecordValue():254
org.apache.commons.csv$CSVParser#addRecordValue():255
org.apache.commons.csv$CSVParser#addRecordValue():257
org.apache.commons.csv$CSVParser#addRecordValue():259
org.apache.commons.csv$CSVParser#close():268
org.apache.commons.csv$CSVParser#close():269
org.apache.commons.csv$CSVParser#close():271
org.apache.commons.csv$CSVParser#getCurrentLineNumber():284
org.apache.commons.csv$CSVParser#getHeaderMap():295
org.apache.commons.csv$CSVParser#getRecordNumber():309
org.apache.commons.csv$CSVParser#getRecords():326
org.apache.commons.csv$CSVParser#getRecords():327
org.apache.commons.csv$CSVParser#getRecords():328
org.apache.commons.csv$CSVParser#getRecords():330
org.apache.commons.csv$CSVParser#initializeHeader():340
org.apache.commons.csv$CSVParser#initializeHeader():341
org.apache.commons.csv$CSVParser#initializeHeader():342
org.apache.commons.csv$CSVParser#initializeHeader():343
org.apache.commons.csv$CSVParser#initializeHeader():345
org.apache.commons.csv$CSVParser#initializeHeader():346
org.apache.commons.csv$CSVParser#initializeHeader():348
org.apache.commons.csv$CSVParser#initializeHeader():349
org.apache.commons.csv$CSVParser#initializeHeader():350
org.apache.commons.csv$CSVParser#initializeHeader():352
org.apache.commons.csv$CSVParser#initializeHeader():353
org.apache.commons.csv$CSVParser#initializeHeader():354
org.apache.commons.csv$CSVParser#initializeHeader():356
org.apache.commons.csv$CSVParser#initializeHeader():360
org.apache.commons.csv$CSVParser#initializeHeader():361
org.apache.commons.csv$CSVParser#initializeHeader():362
org.apache.commons.csv$CSVParser#initializeHeader():363
org.apache.commons.csv$CSVParser#initializeHeader():364
org.apache.commons.csv$CSVParser#initializeHeader():365
org.apache.commons.csv$CSVParser#initializeHeader():367
org.apache.commons.csv$CSVParser#initializeHeader():370
org.apache.commons.csv$CSVParser#initializeHeader():374
org.apache.commons.csv$CSVParser#isClosed():378
org.apache.commons.csv$CSVParser#iterator():390
org.apache.commons.csv$CSVParser#nextRecord():445
org.apache.commons.csv$CSVParser#nextRecord():446
org.apache.commons.csv$CSVParser#nextRecord():447
org.apache.commons.csv$CSVParser#nextRecord():449
org.apache.commons.csv$CSVParser#nextRecord():450
org.apache.commons.csv$CSVParser#nextRecord():451
org.apache.commons.csv$CSVParser#nextRecord():453
org.apache.commons.csv$CSVParser#nextRecord():454
org.apache.commons.csv$CSVParser#nextRecord():456
org.apache.commons.csv$CSVParser#nextRecord():457
org.apache.commons.csv$CSVParser#nextRecord():459
org.apache.commons.csv$CSVParser#nextRecord():460
org.apache.commons.csv$CSVParser#nextRecord():464
org.apache.commons.csv$CSVParser#nextRecord():466
org.apache.commons.csv$CSVParser#nextRecord():467
org.apache.commons.csv$CSVParser#nextRecord():469
org.apache.commons.csv$CSVParser#nextRecord():471
org.apache.commons.csv$CSVParser#nextRecord():472
org.apache.commons.csv$CSVParser#nextRecord():473
org.apache.commons.csv$CSVParser#nextRecord():475
org.apache.commons.csv$CSVParser#nextRecord():477
org.apache.commons.csv$CSVParser#nextRecord():479
org.apache.commons.csv$CSVParser#nextRecord():480
org.apache.commons.csv$CSVParser#nextRecord():481
org.apache.commons.csv$CSVParser#nextRecord():482
org.apache.commons.csv$CSVParser#nextRecord():485
org.apache.commons.csv$CSVParser$1#getNextRecord():395
org.apache.commons.csv$CSVParser$1#getNextRecord():396
org.apache.commons.csv$CSVParser$1#getNextRecord():398
org.apache.commons.csv$CSVParser$1#hasNext():403
org.apache.commons.csv$CSVParser$1#hasNext():404
org.apache.commons.csv$CSVParser$1#hasNext():406
org.apache.commons.csv$CSVParser$1#hasNext():407
org.apache.commons.csv$CSVParser$1#hasNext():410
org.apache.commons.csv$CSVParser$1#next():414
org.apache.commons.csv$CSVParser$1#next():415
org.apache.commons.csv$CSVParser$1#next():417
org.apache.commons.csv$CSVParser$1#next():418
org.apache.commons.csv$CSVParser$1#next():420
org.apache.commons.csv$CSVParser$1#next():422
org.apache.commons.csv$CSVParser$1#next():423
org.apache.commons.csv$CSVParser$1#next():424
org.apache.commons.csv$CSVParser$1#next():428
org.apache.commons.csv$CSVParser$1#remove():432
org.apache.commons.csv$CSVParser$2#<clinit>():451
org.apache.commons.csv$CSVRecord#CSVRecord(java.lang.String[],java.util.Map,java.lang.String,long):52
org.apache.commons.csv$CSVRecord#CSVRecord(java.lang.String[],java.util.Map,java.lang.String,long):53
org.apache.commons.csv$CSVRecord#CSVRecord(java.lang.String[],java.util.Map,java.lang.String,long):54
org.apache.commons.csv$CSVRecord#CSVRecord(java.lang.String[],java.util.Map,java.lang.String,long):55
org.apache.commons.csv$CSVRecord#CSVRecord(java.lang.String[],java.util.Map,java.lang.String,long):56
org.apache.commons.csv$CSVRecord#CSVRecord(java.lang.String[],java.util.Map,java.lang.String,long):57
org.apache.commons.csv$CSVRecord#<clinit>():35
org.apache.commons.csv$CSVRecord#get(java.lang.Enum):67
org.apache.commons.csv$CSVRecord#get(int):78
org.apache.commons.csv$CSVRecord#get(java.lang.String):95
org.apache.commons.csv$CSVRecord#get(java.lang.String):96
org.apache.commons.csv$CSVRecord#get(java.lang.String):99
org.apache.commons.csv$CSVRecord#get(java.lang.String):100
org.apache.commons.csv$CSVRecord#get(java.lang.String):101
org.apache.commons.csv$CSVRecord#get(java.lang.String):105
org.apache.commons.csv$CSVRecord#get(java.lang.String):106
org.apache.commons.csv$CSVRecord#get(java.lang.String):107
org.apache.commons.csv$CSVRecord#getComment():120
org.apache.commons.csv$CSVRecord#getRecordNumber():135
org.apache.commons.csv$CSVRecord#isConsistent():149
org.apache.commons.csv$CSVRecord#isMapped(java.lang.String):160
org.apache.commons.csv$CSVRecord#isSet(java.lang.String):171
org.apache.commons.csv$CSVRecord#iterator():180
org.apache.commons.csv$CSVRecord#putIn(java.util.Map):190
org.apache.commons.csv$CSVRecord#putIn(java.util.Map):191
org.apache.commons.csv$CSVRecord#putIn(java.util.Map):193
org.apache.commons.csv$CSVRecord#putIn(java.util.Map):194
org.apache.commons.csv$CSVRecord#putIn(java.util.Map):195
org.apache.commons.csv$CSVRecord#putIn(java.util.Map):196
org.apache.commons.csv$CSVRecord#putIn(java.util.Map):198
org.apache.commons.csv$CSVRecord#putIn(java.util.Map):199
org.apache.commons.csv$CSVRecord#size():208
org.apache.commons.csv$CSVRecord#toList():218
org.apache.commons.csv$CSVRecord#toMap():227
org.apache.commons.csv$CSVRecord#toString():238
org.apache.commons.csv$CSVRecord#values():242
