name;suspiciousness_value
org.apache.commons.cli$Option#hasArgName():334;0.5773502691896258
org.apache.commons.cli$HelpFormatter#printHelp(java.lang.String,org.apache.commons.cli.Options):257;0.5773502691896258
org.apache.commons.cli$HelpFormatter#printHelp(java.lang.String,org.apache.commons.cli.Options):258;0.5773502691896258
org.apache.commons.cli$HelpFormatter#printHelp(int,java.lang.String,java.lang.String,org.apache.commons.cli.Options,java.lang.String,boolean):344;0.5773502691896258
org.apache.commons.cli$HelpFormatter#printHelp(int,java.lang.String,java.lang.String,org.apache.commons.cli.Options,java.lang.String,boolean):346;0.5773502691896258
org.apache.commons.cli$HelpFormatter#printHelp(int,java.lang.String,java.lang.String,org.apache.commons.cli.Options,java.lang.String,boolean):348;0.5773502691896258
org.apache.commons.cli$HelpFormatter#printHelp(int,java.lang.String,java.lang.String,org.apache.commons.cli.Options,java.lang.String,boolean):349;0.5773502691896258
org.apache.commons.cli$HelpFormatter#printHelp(java.io.PrintWriter,int,java.lang.String,java.lang.String,org.apache.commons.cli.Options,int,int,java.lang.String,boolean):407;0.5773502691896258
org.apache.commons.cli$HelpFormatter#printUsage(java.io.PrintWriter,int,java.lang.String):572;0.5773502691896258
org.apache.commons.cli$HelpFormatter#printUsage(java.io.PrintWriter,int,java.lang.String):574;0.5773502691896258
org.apache.commons.cli$HelpFormatter#printUsage(java.io.PrintWriter,int,java.lang.String):576;0.5773502691896258
org.apache.commons.cli$HelpFormatter#renderOptions(java.lang.StringBuffer,int,org.apache.commons.cli.Options,int,int):687;0.5773502691896258
org.apache.commons.cli$HelpFormatter#renderOptions(java.lang.StringBuffer,int,org.apache.commons.cli.Options,int,int):693;0.5773502691896258
org.apache.commons.cli$HelpFormatter#printHelp(java.io.PrintWriter,int,java.lang.String,java.lang.String,org.apache.commons.cli.Options,int,int,java.lang.String,boolean):396;0.3333333333333333
org.apache.commons.cli$HelpFormatter#printHelp(java.io.PrintWriter,int,java.lang.String,java.lang.String,org.apache.commons.cli.Options,int,int,java.lang.String,boolean):401;0.3333333333333333
org.apache.commons.cli$HelpFormatter#printHelp(java.io.PrintWriter,int,java.lang.String,java.lang.String,org.apache.commons.cli.Options,int,int,java.lang.String,boolean):410;0.3333333333333333
org.apache.commons.cli$HelpFormatter#printHelp(java.io.PrintWriter,int,java.lang.String,java.lang.String,org.apache.commons.cli.Options,int,int,java.lang.String,boolean):415;0.3333333333333333
org.apache.commons.cli$HelpFormatter#printHelp(java.io.PrintWriter,int,java.lang.String,java.lang.String,org.apache.commons.cli.Options,int,int,java.lang.String,boolean):417;0.3333333333333333
org.apache.commons.cli$HelpFormatter#printHelp(java.io.PrintWriter,int,java.lang.String,java.lang.String,org.apache.commons.cli.Options,int,int,java.lang.String,boolean):421;0.3333333333333333
org.apache.commons.cli$HelpFormatter#printOptions(java.io.PrintWriter,int,org.apache.commons.cli.Options,int,int):593;0.3333333333333333
org.apache.commons.cli$HelpFormatter#printOptions(java.io.PrintWriter,int,org.apache.commons.cli.Options,int,int):595;0.3333333333333333
org.apache.commons.cli$HelpFormatter#printOptions(java.io.PrintWriter,int,org.apache.commons.cli.Options,int,int):596;0.3333333333333333
org.apache.commons.cli$HelpFormatter#printOptions(java.io.PrintWriter,int,org.apache.commons.cli.Options,int,int):597;0.3333333333333333
org.apache.commons.cli$HelpFormatter#printWrapped(java.io.PrintWriter,int,int,java.lang.String):622;0.3333333333333333
org.apache.commons.cli$HelpFormatter#printWrapped(java.io.PrintWriter,int,int,java.lang.String):624;0.3333333333333333
org.apache.commons.cli$HelpFormatter#printWrapped(java.io.PrintWriter,int,int,java.lang.String):625;0.3333333333333333
org.apache.commons.cli$HelpFormatter#printWrapped(java.io.PrintWriter,int,int,java.lang.String):626;0.3333333333333333
org.apache.commons.cli$HelpFormatter#renderOptions(java.lang.StringBuffer,int,org.apache.commons.cli.Options,int,int):665;0.3333333333333333
org.apache.commons.cli$HelpFormatter#renderOptions(java.lang.StringBuffer,int,org.apache.commons.cli.Options,int,int):666;0.3333333333333333
org.apache.commons.cli$HelpFormatter#renderOptions(java.lang.StringBuffer,int,org.apache.commons.cli.Options,int,int):668;0.3333333333333333
org.apache.commons.cli$HelpFormatter#renderOptions(java.lang.StringBuffer,int,org.apache.commons.cli.Options,int,int):675;0.3333333333333333
org.apache.commons.cli$HelpFormatter#renderOptions(java.lang.StringBuffer,int,org.apache.commons.cli.Options,int,int):678;0.3333333333333333
org.apache.commons.cli$HelpFormatter#renderOptions(java.lang.StringBuffer,int,org.apache.commons.cli.Options,int,int):685;0.3333333333333333
org.apache.commons.cli$HelpFormatter#renderOptions(java.lang.StringBuffer,int,org.apache.commons.cli.Options,int,int):697;0.3333333333333333
org.apache.commons.cli$HelpFormatter#renderOptions(java.lang.StringBuffer,int,org.apache.commons.cli.Options,int,int):698;0.3333333333333333
org.apache.commons.cli$HelpFormatter#renderOptions(java.lang.StringBuffer,int,org.apache.commons.cli.Options,int,int):705;0.3333333333333333
org.apache.commons.cli$HelpFormatter#renderOptions(java.lang.StringBuffer,int,org.apache.commons.cli.Options,int,int):706;0.3333333333333333
org.apache.commons.cli$HelpFormatter#renderOptions(java.lang.StringBuffer,int,org.apache.commons.cli.Options,int,int):708;0.3333333333333333
org.apache.commons.cli$HelpFormatter#renderOptions(java.lang.StringBuffer,int,org.apache.commons.cli.Options,int,int):713;0.3333333333333333
org.apache.commons.cli$HelpFormatter#renderOptions(java.lang.StringBuffer,int,org.apache.commons.cli.Options,int,int):715;0.3333333333333333
org.apache.commons.cli$HelpFormatter#renderOptions(java.lang.StringBuffer,int,org.apache.commons.cli.Options,int,int):717;0.3333333333333333
org.apache.commons.cli$HelpFormatter#renderOptions(java.lang.StringBuffer,int,org.apache.commons.cli.Options,int,int):719;0.3333333333333333
org.apache.commons.cli$HelpFormatter#renderOptions(java.lang.StringBuffer,int,org.apache.commons.cli.Options,int,int):722;0.3333333333333333
org.apache.commons.cli$HelpFormatter#renderOptions(java.lang.StringBuffer,int,org.apache.commons.cli.Options,int,int):724;0.3333333333333333
org.apache.commons.cli$HelpFormatter#renderOptions(java.lang.StringBuffer,int,org.apache.commons.cli.Options,int,int):728;0.3333333333333333
org.apache.commons.cli$Parser#parse(org.apache.commons.cli.Options,java.lang.String[],java.util.Properties,boolean):150;0.2886751345948129
org.apache.commons.cli$HelpFormatter#renderOptions(java.lang.StringBuffer,int,org.apache.commons.cli.Options,int,int):648;0.2886751345948129
org.apache.commons.cli$HelpFormatter#renderOptions(java.lang.StringBuffer,int,org.apache.commons.cli.Options,int,int):649;0.2886751345948129
org.apache.commons.cli$HelpFormatter#renderOptions(java.lang.StringBuffer,int,org.apache.commons.cli.Options,int,int):655;0.2886751345948129
org.apache.commons.cli$HelpFormatter#renderOptions(java.lang.StringBuffer,int,org.apache.commons.cli.Options,int,int):657;0.2886751345948129
org.apache.commons.cli$HelpFormatter#renderOptions(java.lang.StringBuffer,int,org.apache.commons.cli.Options,int,int):659;0.2886751345948129
org.apache.commons.cli$HelpFormatter#renderOptions(java.lang.StringBuffer,int,org.apache.commons.cli.Options,int,int):661;0.2886751345948129
org.apache.commons.cli$HelpFormatter#renderOptions(java.lang.StringBuffer,int,org.apache.commons.cli.Options,int,int):663;0.2886751345948129
org.apache.commons.cli$HelpFormatter#renderOptions(java.lang.StringBuffer,int,org.apache.commons.cli.Options,int,int):701;0.2886751345948129
org.apache.commons.cli$HelpFormatter#renderOptions(java.lang.StringBuffer,int,org.apache.commons.cli.Options,int,int):703;0.2886751345948129
org.apache.commons.cli$HelpFormatter#renderOptions(java.lang.StringBuffer,int,org.apache.commons.cli.Options,int,int):730;0.2886751345948129
org.apache.commons.cli$HelpFormatter#renderWrappedText(java.lang.StringBuffer,int,int,java.lang.String):751;0.2886751345948129
org.apache.commons.cli$HelpFormatter#renderWrappedText(java.lang.StringBuffer,int,int,java.lang.String):753;0.2886751345948129
org.apache.commons.cli$HelpFormatter$OptionComparator#HelpFormatter$OptionComparator():886;0.2886751345948129
org.apache.commons.cli$HelpFormatter#renderWrappedText(java.lang.StringBuffer,int,int,java.lang.String):747;0.2581988897471611
org.apache.commons.cli$HelpFormatter#renderWrappedText(java.lang.StringBuffer,int,int,java.lang.String):749;0.2581988897471611
org.apache.commons.cli$HelpFormatter#createPadding(int):845;0.2581988897471611
org.apache.commons.cli$HelpFormatter#createPadding(int):847;0.2581988897471611
org.apache.commons.cli$HelpFormatter#createPadding(int):849;0.2581988897471611
org.apache.commons.cli$HelpFormatter#createPadding(int):852;0.2581988897471611
org.apache.commons.cli$HelpFormatter#rtrim(java.lang.String):864;0.2581988897471611
org.apache.commons.cli$HelpFormatter#rtrim(java.lang.String):869;0.2581988897471611
org.apache.commons.cli$HelpFormatter#rtrim(java.lang.String):871;0.2581988897471611
org.apache.commons.cli$HelpFormatter#rtrim(java.lang.String):876;0.2581988897471611
org.apache.commons.cli$HelpFormatter#HelpFormatter():34;0.23570226039551587
org.apache.commons.cli$HelpFormatter#HelpFormatter():61;0.23570226039551587
org.apache.commons.cli$HelpFormatter#HelpFormatter():64;0.23570226039551587
org.apache.commons.cli$HelpFormatter#HelpFormatter():67;0.23570226039551587
org.apache.commons.cli$HelpFormatter#HelpFormatter():70;0.23570226039551587
org.apache.commons.cli$HelpFormatter#HelpFormatter():73;0.23570226039551587
org.apache.commons.cli$HelpFormatter#HelpFormatter():76;0.23570226039551587
org.apache.commons.cli$HelpFormatter#HelpFormatter():79;0.23570226039551587
org.apache.commons.cli$HelpFormatter#HelpFormatter():82;0.23570226039551587
org.apache.commons.cli$HelpFormatter#HelpFormatter():886;0.23570226039551587
org.apache.commons.cli$HelpFormatter#findWrapPos(java.lang.String,int,int):792;0.23570226039551587
org.apache.commons.cli$HelpFormatter#findWrapPos(java.lang.String,int,int):795;0.23570226039551587
org.apache.commons.cli$HelpFormatter#findWrapPos(java.lang.String,int,int):800;0.23570226039551587
org.apache.commons.cli$HelpFormatter#findWrapPos(java.lang.String,int,int):802;0.23570226039551587
org.apache.commons.cli$Option#getDescription():272;0.18257418583505536
org.apache.commons.cli$OptionBuilder#hasArg():104;0.16666666666666666
org.apache.commons.cli$OptionBuilder#hasArg():106;0.16666666666666666
org.apache.commons.cli$Option#Option(java.lang.String,java.lang.String):93;0.16169041669088866
org.apache.commons.cli$Option#Option(java.lang.String,java.lang.String):94;0.16169041669088866
org.apache.commons.cli$Util#stripLeadingHyphens(java.lang.String):36;0.12674485010489558
org.apache.commons.cli$Options#helpOptions():185;0.12379689211803459
org.apache.commons.cli$Options#helpOptions():189;0.12379689211803459
org.apache.commons.cli$Options#helpOptions():191;0.12379689211803459
org.apache.commons.cli$Options#helpOptions():201;0.12379689211803459
org.apache.commons.cli$Option#getKey():168;0.12239801227242092
org.apache.commons.cli$Option#getKey():163;0.12171612389003691
org.apache.commons.cli$Option#hasLongOpt():252;0.12171612389003691
org.apache.commons.cli$Options#addOption(org.apache.commons.cli.Option):146;0.12171612389003691
org.apache.commons.cli$Options#addOption(org.apache.commons.cli.Option):149;0.12171612389003691
org.apache.commons.cli$Options#addOption(org.apache.commons.cli.Option):155;0.12171612389003691
org.apache.commons.cli$Options#addOption(org.apache.commons.cli.Option):163;0.12171612389003691
org.apache.commons.cli$Options#addOption(org.apache.commons.cli.Option):165;0.12171612389003691
org.apache.commons.cli$Options#Options():60;0.12104550653376049
org.apache.commons.cli$Options#Options():46;0.12104550653376049
org.apache.commons.cli$Options#Options():49;0.12104550653376049
org.apache.commons.cli$Options#Options():52;0.12104550653376049
org.apache.commons.cli$Options#Options():55;0.12104550653376049
org.apache.commons.cli$Options#Options():62;0.12104550653376049
org.apache.commons.cli$Option#isRequired():292;0.1203858530857692
org.apache.commons.cli$OptionValidator#validateOption(java.lang.String):60;0.11909826683508273
org.apache.commons.cli$OptionValidator#validateOption(java.lang.String):53;0.11846977555181847
org.apache.commons.cli$OptionValidator#validateOption(java.lang.String):55;0.11846977555181847
org.apache.commons.cli$OptionValidator#isValidOpt(char):88;0.11846977555181847
org.apache.commons.cli$OptionBuilder#withDescription(java.lang.String):302;0.11785113019775793
org.apache.commons.cli$OptionBuilder#withDescription(java.lang.String):304;0.11785113019775793
org.apache.commons.cli$OptionValidator#validateOption(java.lang.String):51;0.11724207635210984
org.apache.commons.cli$OptionValidator#validateOption(java.lang.String):77;0.11724207635210984
org.apache.commons.cli$OptionValidator#isValidChar(char):99;0.11724207635210984
org.apache.commons.cli$Option#Option(java.lang.String,java.lang.String,boolean,java.lang.String):126;0.11664236870396086
org.apache.commons.cli$Option#Option(java.lang.String,java.lang.String,boolean,java.lang.String):55;0.11664236870396086
org.apache.commons.cli$Option#Option(java.lang.String,java.lang.String,boolean,java.lang.String):70;0.11664236870396086
org.apache.commons.cli$Option#Option(java.lang.String,java.lang.String,boolean,java.lang.String):76;0.11664236870396086
org.apache.commons.cli$Option#Option(java.lang.String,java.lang.String,boolean,java.lang.String):128;0.11664236870396086
org.apache.commons.cli$Option#Option(java.lang.String,java.lang.String,boolean,java.lang.String):130;0.11664236870396086
org.apache.commons.cli$Option#Option(java.lang.String,java.lang.String,boolean,java.lang.String):131;0.11664236870396086
org.apache.commons.cli$Option#Option(java.lang.String,java.lang.String,boolean,java.lang.String):134;0.11664236870396086
org.apache.commons.cli$Option#Option(java.lang.String,java.lang.String,boolean,java.lang.String):139;0.11664236870396086
org.apache.commons.cli$Option#Option(java.lang.String,java.lang.String,boolean,java.lang.String):140;0.11664236870396086
org.apache.commons.cli$Option#Option(java.lang.String,java.lang.String,boolean,java.lang.String):141;0.11664236870396086
org.apache.commons.cli$OptionValidator#validateOption(java.lang.String):45;0.11664236870396086
org.apache.commons.cli$Util#stripLeadingHyphens(java.lang.String):38;0.0936585811581694
org.apache.commons.cli$OptionBuilder#create(char):319;0.09128709291752768
org.apache.commons.cli$Option#setType(java.lang.Object):203;0.08247860988423225
org.apache.commons.cli$Option#setType(java.lang.Object):204;0.08247860988423225
org.apache.commons.cli$Option#setLongOpt(java.lang.String):223;0.08247860988423225
org.apache.commons.cli$Option#setLongOpt(java.lang.String):224;0.08247860988423225
org.apache.commons.cli$Option#setValueSeparator(char):366;0.08247860988423225
org.apache.commons.cli$Option#setValueSeparator(char):367;0.08247860988423225
org.apache.commons.cli$OptionBuilder#OptionBuilder():62;0.08247860988423225
org.apache.commons.cli$OptionBuilder#OptionBuilder():64;0.08247860988423225
org.apache.commons.cli$OptionBuilder#<clinit>():44;0.08247860988423225
org.apache.commons.cli$OptionBuilder#<clinit>():56;0.08247860988423225
org.apache.commons.cli$OptionBuilder#reset():71;0.08247860988423225
org.apache.commons.cli$OptionBuilder#reset():72;0.08247860988423225
org.apache.commons.cli$OptionBuilder#reset():73;0.08247860988423225
org.apache.commons.cli$OptionBuilder#reset():74;0.08247860988423225
org.apache.commons.cli$OptionBuilder#reset():75;0.08247860988423225
org.apache.commons.cli$OptionBuilder#reset():76;0.08247860988423225
org.apache.commons.cli$OptionBuilder#reset():80;0.08247860988423225
org.apache.commons.cli$OptionBuilder#reset():81;0.08247860988423225
org.apache.commons.cli$OptionBuilder#reset():82;0.08247860988423225
org.apache.commons.cli$OptionBuilder#create(java.lang.String):354;0.08247860988423225
org.apache.commons.cli$OptionBuilder#create(java.lang.String):358;0.08247860988423225
org.apache.commons.cli$OptionBuilder#create(java.lang.String):359;0.08247860988423225
org.apache.commons.cli$OptionBuilder#create(java.lang.String):360;0.08247860988423225
org.apache.commons.cli$OptionBuilder#create(java.lang.String):361;0.08247860988423225
org.apache.commons.cli$OptionBuilder#create(java.lang.String):362;0.08247860988423225
org.apache.commons.cli$OptionBuilder#create(java.lang.String):363;0.08247860988423225
org.apache.commons.cli$OptionBuilder#create(java.lang.String):364;0.08247860988423225
org.apache.commons.cli$OptionBuilder#create(java.lang.String):368;0.08247860988423225
org.apache.commons.cli$OptionBuilder#create(java.lang.String):371;0.08247860988423225
org.apache.commons.cli$Option#setOptionalArg(boolean):234;0.08164965809277261
org.apache.commons.cli$Option#setOptionalArg(boolean):235;0.08164965809277261
org.apache.commons.cli$Option#setArgs(int):355;0.08164965809277261
org.apache.commons.cli$Option#setArgs(int):356;0.08164965809277261
org.apache.commons.cli$Option#setArgName(java.lang.String):312;0.07930515857181442
org.apache.commons.cli$Option#setArgName(java.lang.String):313;0.07930515857181442
org.apache.commons.cli$Option#setRequired(boolean):302;0.07392212709545729
org.apache.commons.cli$Option#setRequired(boolean):303;0.07392212709545729
org.apache.commons.cli$CommandLine#hasOption(java.lang.String):68;0.07392212709545729
org.apache.commons.cli$Util#stripLeadingHyphens(java.lang.String):42;0.07053456158585983
org.apache.commons.cli$CommandLine#resolveOption(java.lang.String):166;0.06950480468569159
org.apache.commons.cli$PosixParser#PosixParser():31;0.06900655593423542
org.apache.commons.cli$PosixParser#PosixParser():34;0.06900655593423542
org.apache.commons.cli$PosixParser#init():52;0.06900655593423542
org.apache.commons.cli$PosixParser#init():53;0.06900655593423542
org.apache.commons.cli$PosixParser#init():54;0.06900655593423542
org.apache.commons.cli$PosixParser#init():55;0.06900655593423542
org.apache.commons.cli$PosixParser#flatten(org.apache.commons.cli.Options,java.lang.String[],boolean):98;0.06900655593423542
org.apache.commons.cli$PosixParser#flatten(org.apache.commons.cli.Options,java.lang.String[],boolean):99;0.06900655593423542
org.apache.commons.cli$PosixParser#flatten(org.apache.commons.cli.Options,java.lang.String[],boolean):102;0.06900655593423542
org.apache.commons.cli$PosixParser#flatten(org.apache.commons.cli.Options,java.lang.String[],boolean):106;0.06900655593423542
org.apache.commons.cli$PosixParser#flatten(org.apache.commons.cli.Options,java.lang.String[],boolean):163;0.06900655593423542
org.apache.commons.cli$Parser#parse(org.apache.commons.cli.Options,java.lang.String[],java.util.Properties,boolean):227;0.06851887098275317
org.apache.commons.cli$Parser#checkRequiredOptions():311;0.06851887098275317
org.apache.commons.cli$Parser#processProperties(java.util.Properties):240;0.06757373783994859
org.apache.commons.cli$Parser#parse(org.apache.commons.cli.Options,java.lang.String[],java.util.Properties,boolean):224;0.06711560552140243
org.apache.commons.cli$Parser#parse(org.apache.commons.cli.Options,java.lang.String[],java.util.Properties,boolean):225;0.06711560552140243
org.apache.commons.cli$Parser#processProperties(java.util.Properties):238;0.06711560552140243
org.apache.commons.cli$Parser#checkRequiredOptions():295;0.06711560552140243
org.apache.commons.cli$Option#getOpt():183;0.06537204504606134
org.apache.commons.cli$Parser#parse(org.apache.commons.cli.Options,java.lang.String[]):71;0.06537204504606134
org.apache.commons.cli$Util#stripLeadingHyphens(java.lang.String):40;0.06415002990995841
org.apache.commons.cli$Options#getRequiredOptions():212;0.06375767130633382
org.apache.commons.cli$Parser#Parser():33;0.06375767130633382
org.apache.commons.cli$Parser#parse(org.apache.commons.cli.Options,java.lang.String[],java.util.Properties,boolean):135;0.06375767130633382
org.apache.commons.cli$Parser#parse(org.apache.commons.cli.Options,java.lang.String[],java.util.Properties,boolean):138;0.06375767130633382
org.apache.commons.cli$Parser#parse(org.apache.commons.cli.Options,java.lang.String[],java.util.Properties,boolean):139;0.06375767130633382
org.apache.commons.cli$Parser#parse(org.apache.commons.cli.Options,java.lang.String[],java.util.Properties,boolean):140;0.06375767130633382
org.apache.commons.cli$Parser#parse(org.apache.commons.cli.Options,java.lang.String[],java.util.Properties,boolean):141;0.06375767130633382
org.apache.commons.cli$Parser#parse(org.apache.commons.cli.Options,java.lang.String[],java.util.Properties,boolean):143;0.06375767130633382
org.apache.commons.cli$Parser#parse(org.apache.commons.cli.Options,java.lang.String[],java.util.Properties,boolean):144;0.06375767130633382
org.apache.commons.cli$Parser#parse(org.apache.commons.cli.Options,java.lang.String[],java.util.Properties,boolean):146;0.06375767130633382
org.apache.commons.cli$Parser#parse(org.apache.commons.cli.Options,java.lang.String[],java.util.Properties,boolean):148;0.06375767130633382
org.apache.commons.cli$Parser#parse(org.apache.commons.cli.Options,java.lang.String[],java.util.Properties,boolean):153;0.06375767130633382
org.apache.commons.cli$Parser#parse(org.apache.commons.cli.Options,java.lang.String[],java.util.Properties,boolean):157;0.06375767130633382
org.apache.commons.cli$Parser#parse(org.apache.commons.cli.Options,java.lang.String[],java.util.Properties,boolean):160;0.06375767130633382
org.apache.commons.cli$CommandLine#CommandLine():56;0.06375767130633382
org.apache.commons.cli$CommandLine#CommandLine():44;0.06375767130633382
org.apache.commons.cli$CommandLine#CommandLine():47;0.06375767130633382
org.apache.commons.cli$CommandLine#CommandLine():58;0.06375767130633382
org.apache.commons.cli$Option#clearValues():643;0.06337242505244779
org.apache.commons.cli$Option#clearValues():644;0.06337242505244779
org.apache.commons.cli$Option#hasArg():262;0.06262242910851495
org.apache.commons.cli$Util#Util():24;0.0
org.apache.commons.cli$Util#stripLeadingHyphens(java.lang.String):45;0.0
org.apache.commons.cli$Util#stripLeadingAndTrailingQuotes(java.lang.String):59;0.0
org.apache.commons.cli$Util#stripLeadingAndTrailingQuotes(java.lang.String):60;0.0
org.apache.commons.cli$Util#stripLeadingAndTrailingQuotes(java.lang.String):62;0.0
org.apache.commons.cli$Util#stripLeadingAndTrailingQuotes(java.lang.String):63;0.0
org.apache.commons.cli$Util#stripLeadingAndTrailingQuotes(java.lang.String):65;0.0
org.apache.commons.cli$Option#Option(java.lang.String,boolean,java.lang.String):109;0.0
org.apache.commons.cli$Option#Option(java.lang.String,boolean,java.lang.String):110;0.0
org.apache.commons.cli$Option#Option(java.lang.String,java.lang.String,boolean,java.lang.String):136;0.0
org.apache.commons.cli$Option#getId():152;0.0
org.apache.commons.cli$Option#getKey():165;0.0
org.apache.commons.cli$Option#getType():193;0.0
org.apache.commons.cli$Option#getLongOpt():213;0.0
org.apache.commons.cli$Option#hasOptionalArg():242;0.0
org.apache.commons.cli$Option#setDescription(java.lang.String):282;0.0
org.apache.commons.cli$Option#setDescription(java.lang.String):283;0.0
org.apache.commons.cli$Option#getArgName():322;0.0
org.apache.commons.cli$Option#hasArgs():344;0.0
org.apache.commons.cli$Option#getValueSeparator():376;0.0
org.apache.commons.cli$Option#hasValueSeparator():386;0.0
org.apache.commons.cli$Option#getArgs():396;0.0
org.apache.commons.cli$Option#addValue(java.lang.String):406;0.0
org.apache.commons.cli$Option#addValue(java.lang.String):409;0.0
org.apache.commons.cli$Option#addValue(java.lang.String):412;0.0
org.apache.commons.cli$Option#addValue(java.lang.String):414;0.0
org.apache.commons.cli$Option#processValue(java.lang.String):430;0.0
org.apache.commons.cli$Option#processValue(java.lang.String):433;0.0
org.apache.commons.cli$Option#processValue(java.lang.String):436;0.0
org.apache.commons.cli$Option#processValue(java.lang.String):439;0.0
org.apache.commons.cli$Option#processValue(java.lang.String):442;0.0
org.apache.commons.cli$Option#processValue(java.lang.String):444;0.0
org.apache.commons.cli$Option#processValue(java.lang.String):449;0.0
org.apache.commons.cli$Option#processValue(java.lang.String):453;0.0
org.apache.commons.cli$Option#processValue(java.lang.String):457;0.0
org.apache.commons.cli$Option#processValue(java.lang.String):463;0.0
org.apache.commons.cli$Option#processValue(java.lang.String):464;0.0
org.apache.commons.cli$Option#add(java.lang.String):477;0.0
org.apache.commons.cli$Option#add(java.lang.String):479;0.0
org.apache.commons.cli$Option#add(java.lang.String):484;0.0
org.apache.commons.cli$Option#add(java.lang.String):485;0.0
org.apache.commons.cli$Option#getValue():496;0.0
org.apache.commons.cli$Option#getValue(int):514;0.0
org.apache.commons.cli$Option#getValue(java.lang.String):529;0.0
org.apache.commons.cli$Option#getValue(java.lang.String):531;0.0
org.apache.commons.cli$Option#getValues():543;0.0
org.apache.commons.cli$Option#getValuesList():553;0.0
org.apache.commons.cli$Option#toString():563;0.0
org.apache.commons.cli$Option#toString():565;0.0
org.apache.commons.cli$Option#toString():567;0.0
org.apache.commons.cli$Option#toString():569;0.0
org.apache.commons.cli$Option#toString():572;0.0
org.apache.commons.cli$Option#toString():574;0.0
org.apache.commons.cli$Option#toString():576;0.0
org.apache.commons.cli$Option#toString():579;0.0
org.apache.commons.cli$Option#toString():581;0.0
org.apache.commons.cli$Option#toString():583;0.0
org.apache.commons.cli$Option#toString():586;0.0
org.apache.commons.cli$Option#toString():588;0.0
org.apache.commons.cli$Option#hasNoValues():598;0.0
org.apache.commons.cli$Option#equals(java.lang.Object):603;0.0
org.apache.commons.cli$Option#equals(java.lang.Object):605;0.0
org.apache.commons.cli$Option#equals(java.lang.Object):607;0.0
org.apache.commons.cli$Option#equals(java.lang.Object):609;0.0
org.apache.commons.cli$Option#equals(java.lang.Object):612;0.0
org.apache.commons.cli$Option#equals(java.lang.Object):615;0.0
org.apache.commons.cli$Option#equals(java.lang.Object):617;0.0
org.apache.commons.cli$Option#equals(java.lang.Object):619;0.0
org.apache.commons.cli$Option#equals(java.lang.Object):621;0.0
org.apache.commons.cli$Option#equals(java.lang.Object):624;0.0
org.apache.commons.cli$Option#hashCode():630;0.0
org.apache.commons.cli$Option#hashCode():631;0.0
org.apache.commons.cli$Option#hashCode():632;0.0
org.apache.commons.cli$OptionValidator#OptionValidator():24;0.0
org.apache.commons.cli$OptionValidator#validateOption(java.lang.String):47;0.0
org.apache.commons.cli$OptionValidator#validateOption(java.lang.String):57;0.0
org.apache.commons.cli$OptionValidator#validateOption(java.lang.String):65;0.0
org.apache.commons.cli$OptionValidator#validateOption(java.lang.String):67;0.0
org.apache.commons.cli$OptionValidator#validateOption(java.lang.String):69;0.0
org.apache.commons.cli$OptionValidator#validateOption(java.lang.String):71;0.0
org.apache.commons.cli$OptionBuilder#withLongOpt(java.lang.String):92;0.0
org.apache.commons.cli$OptionBuilder#withLongOpt(java.lang.String):94;0.0
org.apache.commons.cli$OptionBuilder#hasArg(boolean):118;0.0
org.apache.commons.cli$OptionBuilder#hasArg(boolean):120;0.0
org.apache.commons.cli$OptionBuilder#withArgName(java.lang.String):132;0.0
org.apache.commons.cli$OptionBuilder#withArgName(java.lang.String):134;0.0
org.apache.commons.cli$OptionBuilder#isRequired():144;0.0
org.apache.commons.cli$OptionBuilder#isRequired():146;0.0
org.apache.commons.cli$OptionBuilder#withValueSeparator(char):169;0.0
org.apache.commons.cli$OptionBuilder#withValueSeparator(char):171;0.0
org.apache.commons.cli$OptionBuilder#withValueSeparator():192;0.0
org.apache.commons.cli$OptionBuilder#withValueSeparator():194;0.0
org.apache.commons.cli$OptionBuilder#isRequired(boolean):206;0.0
org.apache.commons.cli$OptionBuilder#isRequired(boolean):208;0.0
org.apache.commons.cli$OptionBuilder#hasArgs():218;0.0
org.apache.commons.cli$OptionBuilder#hasArgs():220;0.0
org.apache.commons.cli$OptionBuilder#hasArgs(int):232;0.0
org.apache.commons.cli$OptionBuilder#hasArgs(int):234;0.0
org.apache.commons.cli$OptionBuilder#hasOptionalArg():244;0.0
org.apache.commons.cli$OptionBuilder#hasOptionalArg():245;0.0
org.apache.commons.cli$OptionBuilder#hasOptionalArg():247;0.0
org.apache.commons.cli$OptionBuilder#hasOptionalArgs():258;0.0
org.apache.commons.cli$OptionBuilder#hasOptionalArgs():259;0.0
org.apache.commons.cli$OptionBuilder#hasOptionalArgs():261;0.0
org.apache.commons.cli$OptionBuilder#hasOptionalArgs(int):274;0.0
org.apache.commons.cli$OptionBuilder#hasOptionalArgs(int):275;0.0
org.apache.commons.cli$OptionBuilder#hasOptionalArgs(int):277;0.0
org.apache.commons.cli$OptionBuilder#withType(java.lang.Object):289;0.0
org.apache.commons.cli$OptionBuilder#withType(java.lang.Object):291;0.0
org.apache.commons.cli$OptionBuilder#create():332;0.0
org.apache.commons.cli$OptionBuilder#create():334;0.0
org.apache.commons.cli$OptionBuilder#create():337;0.0
org.apache.commons.cli$Options#addOptionGroup(org.apache.commons.cli.OptionGroup):72;0.0
org.apache.commons.cli$Options#addOptionGroup(org.apache.commons.cli.OptionGroup):74;0.0
org.apache.commons.cli$Options#addOptionGroup(org.apache.commons.cli.OptionGroup):76;0.0
org.apache.commons.cli$Options#addOptionGroup(org.apache.commons.cli.OptionGroup):79;0.0
org.apache.commons.cli$Options#addOptionGroup(org.apache.commons.cli.OptionGroup):81;0.0
org.apache.commons.cli$Options#addOptionGroup(org.apache.commons.cli.OptionGroup):87;0.0
org.apache.commons.cli$Options#addOptionGroup(org.apache.commons.cli.OptionGroup):88;0.0
org.apache.commons.cli$Options#addOptionGroup(org.apache.commons.cli.OptionGroup):90;0.0
org.apache.commons.cli$Options#addOptionGroup(org.apache.commons.cli.OptionGroup):91;0.0
org.apache.commons.cli$Options#addOptionGroup(org.apache.commons.cli.OptionGroup):93;0.0
org.apache.commons.cli$Options#getOptionGroups():101;0.0
org.apache.commons.cli$Options#addOption(java.lang.String,boolean,java.lang.String):115;0.0
org.apache.commons.cli$Options#addOption(java.lang.String,boolean,java.lang.String):117;0.0
org.apache.commons.cli$Options#addOption(java.lang.String,java.lang.String,boolean,java.lang.String):133;0.0
org.apache.commons.cli$Options#addOption(java.lang.String,java.lang.String,boolean,java.lang.String):135;0.0
org.apache.commons.cli$Options#addOption(org.apache.commons.cli.Option):151;0.0
org.apache.commons.cli$Options#addOption(org.apache.commons.cli.Option):157;0.0
org.apache.commons.cli$Options#addOption(org.apache.commons.cli.Option):158;0.0
org.apache.commons.cli$Options#addOption(org.apache.commons.cli.Option):160;0.0
org.apache.commons.cli$Options#getOptions():175;0.0
org.apache.commons.cli$Options#helpOptions():193;0.0
org.apache.commons.cli$Options#helpOptions():195;0.0
org.apache.commons.cli$Options#helpOptions():197;0.0
org.apache.commons.cli$Options#helpOptions():199;0.0
org.apache.commons.cli$Options#getOption(java.lang.String):223;0.0
org.apache.commons.cli$Options#getOption(java.lang.String):225;0.0
org.apache.commons.cli$Options#getOption(java.lang.String):227;0.0
org.apache.commons.cli$Options#getOption(java.lang.String):230;0.0
org.apache.commons.cli$Options#hasOption(java.lang.String):243;0.0
org.apache.commons.cli$Options#hasOption(java.lang.String):245;0.0
org.apache.commons.cli$Options#getOptionGroup(org.apache.commons.cli.Option):258;0.0
org.apache.commons.cli$Options#toString():268;0.0
org.apache.commons.cli$Options#toString():270;0.0
org.apache.commons.cli$Options#toString():271;0.0
org.apache.commons.cli$Options#toString():272;0.0
org.apache.commons.cli$Options#toString():273;0.0
org.apache.commons.cli$Options#toString():274;0.0
org.apache.commons.cli$Options#toString():276;0.0
org.apache.commons.cli$Parser#parse(org.apache.commons.cli.Options,java.lang.String[],java.util.Properties):90;0.0
org.apache.commons.cli$Parser#parse(org.apache.commons.cli.Options,java.lang.String[],boolean):112;0.0
org.apache.commons.cli$Parser#parse(org.apache.commons.cli.Options,java.lang.String[],java.util.Properties,boolean):162;0.0
org.apache.commons.cli$Parser#parse(org.apache.commons.cli.Options,java.lang.String[],java.util.Properties,boolean):165;0.0
org.apache.commons.cli$Parser#parse(org.apache.commons.cli.Options,java.lang.String[],java.util.Properties,boolean):167;0.0
org.apache.commons.cli$Parser#parse(org.apache.commons.cli.Options,java.lang.String[],java.util.Properties,boolean):171;0.0
org.apache.commons.cli$Parser#parse(org.apache.commons.cli.Options,java.lang.String[],java.util.Properties,boolean):173;0.0
org.apache.commons.cli$Parser#parse(org.apache.commons.cli.Options,java.lang.String[],java.util.Properties,boolean):175;0.0
org.apache.commons.cli$Parser#parse(org.apache.commons.cli.Options,java.lang.String[],java.util.Properties,boolean):179;0.0
org.apache.commons.cli$Parser#parse(org.apache.commons.cli.Options,java.lang.String[],java.util.Properties,boolean):184;0.0
org.apache.commons.cli$Parser#parse(org.apache.commons.cli.Options,java.lang.String[],java.util.Properties,boolean):186;0.0
org.apache.commons.cli$Parser#parse(org.apache.commons.cli.Options,java.lang.String[],java.util.Properties,boolean):188;0.0
org.apache.commons.cli$Parser#parse(org.apache.commons.cli.Options,java.lang.String[],java.util.Properties,boolean):189;0.0
org.apache.commons.cli$Parser#parse(org.apache.commons.cli.Options,java.lang.String[],java.util.Properties,boolean):193;0.0
org.apache.commons.cli$Parser#parse(org.apache.commons.cli.Options,java.lang.String[],java.util.Properties,boolean):200;0.0
org.apache.commons.cli$Parser#parse(org.apache.commons.cli.Options,java.lang.String[],java.util.Properties,boolean):202;0.0
org.apache.commons.cli$Parser#parse(org.apache.commons.cli.Options,java.lang.String[],java.util.Properties,boolean):204;0.0
org.apache.commons.cli$Parser#parse(org.apache.commons.cli.Options,java.lang.String[],java.util.Properties,boolean):209;0.0
org.apache.commons.cli$Parser#parse(org.apache.commons.cli.Options,java.lang.String[],java.util.Properties,boolean):211;0.0
org.apache.commons.cli$Parser#parse(org.apache.commons.cli.Options,java.lang.String[],java.util.Properties,boolean):213;0.0
org.apache.commons.cli$Parser#parse(org.apache.commons.cli.Options,java.lang.String[],java.util.Properties,boolean):216;0.0
org.apache.commons.cli$Parser#parse(org.apache.commons.cli.Options,java.lang.String[],java.util.Properties,boolean):218;0.0
org.apache.commons.cli$Parser#parse(org.apache.commons.cli.Options,java.lang.String[],java.util.Properties,boolean):220;0.0
org.apache.commons.cli$Parser#parse(org.apache.commons.cli.Options,java.lang.String[],java.util.Properties,boolean):222;0.0
org.apache.commons.cli$Parser#processProperties(java.util.Properties):243;0.0
org.apache.commons.cli$Parser#processProperties(java.util.Properties):245;0.0
org.apache.commons.cli$Parser#processProperties(java.util.Properties):247;0.0
org.apache.commons.cli$Parser#processProperties(java.util.Properties):249;0.0
org.apache.commons.cli$Parser#processProperties(java.util.Properties):252;0.0
org.apache.commons.cli$Parser#processProperties(java.util.Properties):254;0.0
org.apache.commons.cli$Parser#processProperties(java.util.Properties):256;0.0
org.apache.commons.cli$Parser#processProperties(java.util.Properties):261;0.0
org.apache.commons.cli$Parser#processProperties(java.util.Properties):266;0.0
org.apache.commons.cli$Parser#processProperties(java.util.Properties):263;0.0
org.apache.commons.cli$Parser#processProperties(java.util.Properties):269;0.0
org.apache.commons.cli$Parser#processProperties(java.util.Properties):275;0.0
org.apache.commons.cli$Parser#processProperties(java.util.Properties):278;0.0
org.apache.commons.cli$Parser#processProperties(java.util.Properties):280;0.0
org.apache.commons.cli$Parser#processProperties(java.util.Properties):281;0.0
org.apache.commons.cli$Parser#checkRequiredOptions():297;0.0
org.apache.commons.cli$Parser#checkRequiredOptions():298;0.0
org.apache.commons.cli$Parser#checkRequiredOptions():299;0.0
org.apache.commons.cli$Parser#checkRequiredOptions():300;0.0
org.apache.commons.cli$Parser#checkRequiredOptions():304;0.0
org.apache.commons.cli$Parser#checkRequiredOptions():306;0.0
org.apache.commons.cli$Parser#checkRequiredOptions():309;0.0
org.apache.commons.cli$Parser#processArgs(org.apache.commons.cli.Option,java.util.ListIterator):329;0.0
org.apache.commons.cli$Parser#processArgs(org.apache.commons.cli.Option,java.util.ListIterator):331;0.0
org.apache.commons.cli$Parser#processArgs(org.apache.commons.cli.Option,java.util.ListIterator):334;0.0
org.apache.commons.cli$Parser#processArgs(org.apache.commons.cli.Option,java.util.ListIterator):336;0.0
org.apache.commons.cli$Parser#processArgs(org.apache.commons.cli.Option,java.util.ListIterator):337;0.0
org.apache.commons.cli$Parser#processArgs(org.apache.commons.cli.Option,java.util.ListIterator):343;0.0
org.apache.commons.cli$Parser#processArgs(org.apache.commons.cli.Option,java.util.ListIterator):349;0.0
org.apache.commons.cli$Parser#processArgs(org.apache.commons.cli.Option,java.util.ListIterator):345;0.0
org.apache.commons.cli$Parser#processArgs(org.apache.commons.cli.Option,java.util.ListIterator):347;0.0
org.apache.commons.cli$Parser#processArgs(org.apache.commons.cli.Option,java.util.ListIterator):348;0.0
org.apache.commons.cli$Parser#processArgs(org.apache.commons.cli.Option,java.util.ListIterator):350;0.0
org.apache.commons.cli$Parser#processArgs(org.apache.commons.cli.Option,java.util.ListIterator):352;0.0
org.apache.commons.cli$Parser#processArgs(org.apache.commons.cli.Option,java.util.ListIterator):354;0.0
org.apache.commons.cli$Parser#processArgs(org.apache.commons.cli.Option,java.util.ListIterator):357;0.0
org.apache.commons.cli$Parser#processOption(java.lang.String,java.util.ListIterator):374;0.0
org.apache.commons.cli$Parser#processOption(java.lang.String,java.util.ListIterator):377;0.0
org.apache.commons.cli$Parser#processOption(java.lang.String,java.util.ListIterator):379;0.0
org.apache.commons.cli$Parser#processOption(java.lang.String,java.util.ListIterator):384;0.0
org.apache.commons.cli$Parser#processOption(java.lang.String,java.util.ListIterator):388;0.0
org.apache.commons.cli$Parser#processOption(java.lang.String,java.util.ListIterator):390;0.0
org.apache.commons.cli$Parser#processOption(java.lang.String,java.util.ListIterator):395;0.0
org.apache.commons.cli$Parser#processOption(java.lang.String,java.util.ListIterator):397;0.0
org.apache.commons.cli$Parser#processOption(java.lang.String,java.util.ListIterator):399;0.0
org.apache.commons.cli$Parser#processOption(java.lang.String,java.util.ListIterator):401;0.0
org.apache.commons.cli$Parser#processOption(java.lang.String,java.util.ListIterator):404;0.0
org.apache.commons.cli$Parser#processOption(java.lang.String,java.util.ListIterator):408;0.0
org.apache.commons.cli$Parser#processOption(java.lang.String,java.util.ListIterator):410;0.0
org.apache.commons.cli$Parser#processOption(java.lang.String,java.util.ListIterator):415;0.0
org.apache.commons.cli$Parser#processOption(java.lang.String,java.util.ListIterator):416;0.0
org.apache.commons.cli$PosixParser#flatten(org.apache.commons.cli.Options,java.lang.String[],boolean):109;0.0
org.apache.commons.cli$PosixParser#flatten(org.apache.commons.cli.Options,java.lang.String[],boolean):112;0.0
org.apache.commons.cli$PosixParser#flatten(org.apache.commons.cli.Options,java.lang.String[],boolean):114;0.0
org.apache.commons.cli$PosixParser#flatten(org.apache.commons.cli.Options,java.lang.String[],boolean):116;0.0
org.apache.commons.cli$PosixParser#flatten(org.apache.commons.cli.Options,java.lang.String[],boolean):117;0.0
org.apache.commons.cli$PosixParser#flatten(org.apache.commons.cli.Options,java.lang.String[],boolean):122;0.0
org.apache.commons.cli$PosixParser#flatten(org.apache.commons.cli.Options,java.lang.String[],boolean):127;0.0
org.apache.commons.cli$PosixParser#flatten(org.apache.commons.cli.Options,java.lang.String[],boolean):129;0.0
org.apache.commons.cli$PosixParser#flatten(org.apache.commons.cli.Options,java.lang.String[],boolean):131;0.0
org.apache.commons.cli$PosixParser#flatten(org.apache.commons.cli.Options,java.lang.String[],boolean):133;0.0
org.apache.commons.cli$PosixParser#flatten(org.apache.commons.cli.Options,java.lang.String[],boolean):135;0.0
org.apache.commons.cli$PosixParser#flatten(org.apache.commons.cli.Options,java.lang.String[],boolean):137;0.0
org.apache.commons.cli$PosixParser#flatten(org.apache.commons.cli.Options,java.lang.String[],boolean):139;0.0
org.apache.commons.cli$PosixParser#flatten(org.apache.commons.cli.Options,java.lang.String[],boolean):140;0.0
org.apache.commons.cli$PosixParser#flatten(org.apache.commons.cli.Options,java.lang.String[],boolean):145;0.0
org.apache.commons.cli$PosixParser#flatten(org.apache.commons.cli.Options,java.lang.String[],boolean):147;0.0
org.apache.commons.cli$PosixParser#flatten(org.apache.commons.cli.Options,java.lang.String[],boolean):150;0.0
org.apache.commons.cli$PosixParser#flatten(org.apache.commons.cli.Options,java.lang.String[],boolean):152;0.0
org.apache.commons.cli$PosixParser#flatten(org.apache.commons.cli.Options,java.lang.String[],boolean):156;0.0
org.apache.commons.cli$PosixParser#flatten(org.apache.commons.cli.Options,java.lang.String[],boolean):160;0.0
org.apache.commons.cli$PosixParser#gobble(java.util.Iterator):173;0.0
org.apache.commons.cli$PosixParser#gobble(java.util.Iterator):175;0.0
org.apache.commons.cli$PosixParser#gobble(java.util.Iterator):177;0.0
org.apache.commons.cli$PosixParser#gobble(java.util.Iterator):180;0.0
org.apache.commons.cli$PosixParser#process(java.lang.String):197;0.0
org.apache.commons.cli$PosixParser#process(java.lang.String):199;0.0
org.apache.commons.cli$PosixParser#process(java.lang.String):201;0.0
org.apache.commons.cli$PosixParser#process(java.lang.String):202;0.0
org.apache.commons.cli$PosixParser#process(java.lang.String):204;0.0
org.apache.commons.cli$PosixParser#process(java.lang.String):206;0.0
org.apache.commons.cli$PosixParser#process(java.lang.String):211;0.0
org.apache.commons.cli$PosixParser#process(java.lang.String):212;0.0
org.apache.commons.cli$PosixParser#process(java.lang.String):213;0.0
org.apache.commons.cli$PosixParser#process(java.lang.String):215;0.0
org.apache.commons.cli$PosixParser#processSingleHyphen(java.lang.String):225;0.0
org.apache.commons.cli$PosixParser#processSingleHyphen(java.lang.String):226;0.0
org.apache.commons.cli$PosixParser#processOptionToken(java.lang.String,boolean):242;0.0
org.apache.commons.cli$PosixParser#processOptionToken(java.lang.String,boolean):244;0.0
org.apache.commons.cli$PosixParser#processOptionToken(java.lang.String,boolean):245;0.0
org.apache.commons.cli$PosixParser#processOptionToken(java.lang.String,boolean):247;0.0
org.apache.commons.cli$PosixParser#processOptionToken(java.lang.String,boolean):249;0.0
org.apache.commons.cli$PosixParser#processOptionToken(java.lang.String,boolean):251;0.0
org.apache.commons.cli$PosixParser#burstToken(java.lang.String,boolean):281;0.0
org.apache.commons.cli$PosixParser#burstToken(java.lang.String,boolean):283;0.0
org.apache.commons.cli$PosixParser#burstToken(java.lang.String,boolean):285;0.0
org.apache.commons.cli$PosixParser#burstToken(java.lang.String,boolean):286;0.0
org.apache.commons.cli$PosixParser#burstToken(java.lang.String,boolean):288;0.0
org.apache.commons.cli$PosixParser#burstToken(java.lang.String,boolean):290;0.0
org.apache.commons.cli$PosixParser#burstToken(java.lang.String,boolean):291;0.0
org.apache.commons.cli$PosixParser#burstToken(java.lang.String,boolean):293;0.0
org.apache.commons.cli$PosixParser#burstToken(java.lang.String,boolean):295;0.0
org.apache.commons.cli$PosixParser#burstToken(java.lang.String,boolean):297;0.0
org.apache.commons.cli$PosixParser#burstToken(java.lang.String,boolean):300;0.0
org.apache.commons.cli$PosixParser#burstToken(java.lang.String,boolean):302;0.0
org.apache.commons.cli$PosixParser#burstToken(java.lang.String,boolean):306;0.0
org.apache.commons.cli$PosixParser#burstToken(java.lang.String,boolean):307;0.0
org.apache.commons.cli$PosixParser#burstToken(java.lang.String,boolean):310;0.0
org.apache.commons.cli$CommandLine#hasOption(char):79;0.0
org.apache.commons.cli$CommandLine#getOptionObject(java.lang.String):90;0.0
org.apache.commons.cli$CommandLine#getOptionObject(java.lang.String):92;0.0
org.apache.commons.cli$CommandLine#getOptionObject(java.lang.String):93;0.0
org.apache.commons.cli$CommandLine#getOptionObject(java.lang.String):95;0.0
org.apache.commons.cli$CommandLine#getOptionObject(java.lang.String):98;0.0
org.apache.commons.cli$CommandLine#getOptionObject(java.lang.String):100;0.0
org.apache.commons.cli$CommandLine#getOptionObject(char):111;0.0
org.apache.commons.cli$CommandLine#getOptionValue(java.lang.String):123;0.0
org.apache.commons.cli$CommandLine#getOptionValue(java.lang.String):125;0.0
org.apache.commons.cli$CommandLine#getOptionValue(char):137;0.0
org.apache.commons.cli$CommandLine#getOptionValues(java.lang.String):149;0.0
org.apache.commons.cli$CommandLine#getOptionValues(java.lang.String):151;0.0
org.apache.commons.cli$CommandLine#getOptionValues(java.lang.String):153;0.0
org.apache.commons.cli$CommandLine#getOptionValues(java.lang.String):156;0.0
org.apache.commons.cli$CommandLine#resolveOption(java.lang.String):167;0.0
org.apache.commons.cli$CommandLine#resolveOption(java.lang.String):169;0.0
org.apache.commons.cli$CommandLine#resolveOption(java.lang.String):170;0.0
org.apache.commons.cli$CommandLine#resolveOption(java.lang.String):172;0.0
org.apache.commons.cli$CommandLine#resolveOption(java.lang.String):174;0.0
org.apache.commons.cli$CommandLine#resolveOption(java.lang.String):176;0.0
org.apache.commons.cli$CommandLine#resolveOption(java.lang.String):179;0.0
org.apache.commons.cli$CommandLine#resolveOption(java.lang.String):180;0.0
org.apache.commons.cli$CommandLine#getOptionValues(char):192;0.0
org.apache.commons.cli$CommandLine#getOptionValue(java.lang.String,java.lang.String):206;0.0
org.apache.commons.cli$CommandLine#getOptionValue(java.lang.String,java.lang.String):208;0.0
org.apache.commons.cli$CommandLine#getOptionValue(char,java.lang.String):222;0.0
org.apache.commons.cli$CommandLine#getArgs():232;0.0
org.apache.commons.cli$CommandLine#getArgs():234;0.0
org.apache.commons.cli$CommandLine#getArgs():236;0.0
org.apache.commons.cli$CommandLine#getArgList():246;0.0
org.apache.commons.cli$CommandLine#addArg(java.lang.String):278;0.0
org.apache.commons.cli$CommandLine#addArg(java.lang.String):279;0.0
org.apache.commons.cli$CommandLine#addOption(org.apache.commons.cli.Option):289;0.0
org.apache.commons.cli$CommandLine#addOption(org.apache.commons.cli.Option):290;0.0
org.apache.commons.cli$CommandLine#iterator():300;0.0
org.apache.commons.cli$CommandLine#getOptions():310;0.0
org.apache.commons.cli$CommandLine#getOptions():313;0.0
org.apache.commons.cli$CommandLine#getOptions():316;0.0
org.apache.commons.cli$PatternOptionBuilder#PatternOptionBuilder():49;0.0
org.apache.commons.cli$PatternOptionBuilder#<clinit>():52;0.0
org.apache.commons.cli$PatternOptionBuilder#<clinit>():55;0.0
org.apache.commons.cli$PatternOptionBuilder#<clinit>():58;0.0
org.apache.commons.cli$PatternOptionBuilder#<clinit>():61;0.0
org.apache.commons.cli$PatternOptionBuilder#<clinit>():64;0.0
org.apache.commons.cli$PatternOptionBuilder#<clinit>():71;0.0
org.apache.commons.cli$PatternOptionBuilder#<clinit>():75;0.0
org.apache.commons.cli$PatternOptionBuilder#<clinit>():78;0.0
org.apache.commons.cli$PatternOptionBuilder#<clinit>():81;0.0
org.apache.commons.cli$PatternOptionBuilder#getValueClass(char):91;0.0
org.apache.commons.cli$PatternOptionBuilder#getValueClass(char):93;0.0
org.apache.commons.cli$PatternOptionBuilder#getValueClass(char):95;0.0
org.apache.commons.cli$PatternOptionBuilder#getValueClass(char):97;0.0
org.apache.commons.cli$PatternOptionBuilder#getValueClass(char):99;0.0
org.apache.commons.cli$PatternOptionBuilder#getValueClass(char):101;0.0
org.apache.commons.cli$PatternOptionBuilder#getValueClass(char):103;0.0
org.apache.commons.cli$PatternOptionBuilder#getValueClass(char):105;0.0
org.apache.commons.cli$PatternOptionBuilder#getValueClass(char):107;0.0
org.apache.commons.cli$PatternOptionBuilder#getValueClass(char):109;0.0
org.apache.commons.cli$PatternOptionBuilder#getValueClass(char):111;0.0
org.apache.commons.cli$PatternOptionBuilder#getValueClass(char):113;0.0
org.apache.commons.cli$PatternOptionBuilder#getValueClass(char):115;0.0
org.apache.commons.cli$PatternOptionBuilder#getValueClass(char):117;0.0
org.apache.commons.cli$PatternOptionBuilder#getValueClass(char):119;0.0
org.apache.commons.cli$PatternOptionBuilder#getValueClass(char):121;0.0
org.apache.commons.cli$PatternOptionBuilder#getValueClass(char):123;0.0
org.apache.commons.cli$PatternOptionBuilder#getValueClass(char):125;0.0
org.apache.commons.cli$PatternOptionBuilder#getValueClass(char):128;0.0
org.apache.commons.cli$PatternOptionBuilder#isValueCode(char):140;0.0
org.apache.commons.cli$PatternOptionBuilder#isValueCode(char):144;0.0
org.apache.commons.cli$PatternOptionBuilder#isValueCode(char):147;0.0
org.apache.commons.cli$PatternOptionBuilder#parsePattern(java.lang.String):159;0.0
org.apache.commons.cli$PatternOptionBuilder#parsePattern(java.lang.String):161;0.0
org.apache.commons.cli$PatternOptionBuilder#parsePattern(java.lang.String):162;0.0
org.apache.commons.cli$PatternOptionBuilder#parsePattern(java.lang.String):163;0.0
org.apache.commons.cli$PatternOptionBuilder#parsePattern(java.lang.String):164;0.0
org.apache.commons.cli$PatternOptionBuilder#parsePattern(java.lang.String):166;0.0
org.apache.commons.cli$PatternOptionBuilder#parsePattern(java.lang.String):168;0.0
org.apache.commons.cli$PatternOptionBuilder#parsePattern(java.lang.String):170;0.0
org.apache.commons.cli$PatternOptionBuilder#parsePattern(java.lang.String):174;0.0
org.apache.commons.cli$PatternOptionBuilder#parsePattern(java.lang.String):176;0.0
org.apache.commons.cli$PatternOptionBuilder#parsePattern(java.lang.String):178;0.0
org.apache.commons.cli$PatternOptionBuilder#parsePattern(java.lang.String):179;0.0
org.apache.commons.cli$PatternOptionBuilder#parsePattern(java.lang.String):180;0.0
org.apache.commons.cli$PatternOptionBuilder#parsePattern(java.lang.String):183;0.0
org.apache.commons.cli$PatternOptionBuilder#parsePattern(java.lang.String):184;0.0
org.apache.commons.cli$PatternOptionBuilder#parsePattern(java.lang.String):185;0.0
org.apache.commons.cli$PatternOptionBuilder#parsePattern(java.lang.String):186;0.0
org.apache.commons.cli$PatternOptionBuilder#parsePattern(java.lang.String):189;0.0
org.apache.commons.cli$PatternOptionBuilder#parsePattern(java.lang.String):191;0.0
org.apache.commons.cli$PatternOptionBuilder#parsePattern(java.lang.String):193;0.0
org.apache.commons.cli$PatternOptionBuilder#parsePattern(java.lang.String):197;0.0
org.apache.commons.cli$PatternOptionBuilder#parsePattern(java.lang.String):201;0.0
org.apache.commons.cli$PatternOptionBuilder#parsePattern(java.lang.String):203;0.0
org.apache.commons.cli$PatternOptionBuilder#parsePattern(java.lang.String):204;0.0
org.apache.commons.cli$PatternOptionBuilder#parsePattern(java.lang.String):205;0.0
org.apache.commons.cli$PatternOptionBuilder#parsePattern(java.lang.String):208;0.0
org.apache.commons.cli$PatternOptionBuilder#parsePattern(java.lang.String):211;0.0
org.apache.commons.cli$TypeHandler#TypeHandler():35;0.0
org.apache.commons.cli$TypeHandler#createValue(java.lang.String,java.lang.Object):48;0.0
org.apache.commons.cli$TypeHandler#createValue(java.lang.String,java.lang.Class):62;0.0
org.apache.commons.cli$TypeHandler#createValue(java.lang.String,java.lang.Class):64;0.0
org.apache.commons.cli$TypeHandler#createValue(java.lang.String,java.lang.Class):66;0.0
org.apache.commons.cli$TypeHandler#createValue(java.lang.String,java.lang.Class):68;0.0
org.apache.commons.cli$TypeHandler#createValue(java.lang.String,java.lang.Class):70;0.0
org.apache.commons.cli$TypeHandler#createValue(java.lang.String,java.lang.Class):72;0.0
org.apache.commons.cli$TypeHandler#createValue(java.lang.String,java.lang.Class):74;0.0
org.apache.commons.cli$TypeHandler#createValue(java.lang.String,java.lang.Class):76;0.0
org.apache.commons.cli$TypeHandler#createValue(java.lang.String,java.lang.Class):78;0.0
org.apache.commons.cli$TypeHandler#createValue(java.lang.String,java.lang.Class):80;0.0
org.apache.commons.cli$TypeHandler#createValue(java.lang.String,java.lang.Class):82;0.0
org.apache.commons.cli$TypeHandler#createValue(java.lang.String,java.lang.Class):84;0.0
org.apache.commons.cli$TypeHandler#createValue(java.lang.String,java.lang.Class):86;0.0
org.apache.commons.cli$TypeHandler#createValue(java.lang.String,java.lang.Class):88;0.0
org.apache.commons.cli$TypeHandler#createValue(java.lang.String,java.lang.Class):90;0.0
org.apache.commons.cli$TypeHandler#createValue(java.lang.String,java.lang.Class):92;0.0
org.apache.commons.cli$TypeHandler#createValue(java.lang.String,java.lang.Class):94;0.0
org.apache.commons.cli$TypeHandler#createValue(java.lang.String,java.lang.Class):96;0.0
org.apache.commons.cli$TypeHandler#createValue(java.lang.String,java.lang.Class):100;0.0
org.apache.commons.cli$TypeHandler#createObject(java.lang.String):113;0.0
org.apache.commons.cli$TypeHandler#createObject(java.lang.String):117;0.0
org.apache.commons.cli$TypeHandler#createObject(java.lang.String):124;0.0
org.apache.commons.cli$TypeHandler#createObject(java.lang.String):119;0.0
org.apache.commons.cli$TypeHandler#createObject(java.lang.String):121;0.0
org.apache.commons.cli$TypeHandler#createObject(java.lang.String):123;0.0
org.apache.commons.cli$TypeHandler#createObject(java.lang.String):126;0.0
org.apache.commons.cli$TypeHandler#createObject(java.lang.String):130;0.0
org.apache.commons.cli$TypeHandler#createObject(java.lang.String):145;0.0
org.apache.commons.cli$TypeHandler#createObject(java.lang.String):132;0.0
org.apache.commons.cli$TypeHandler#createObject(java.lang.String):134;0.0
org.apache.commons.cli$TypeHandler#createObject(java.lang.String):137;0.0
org.apache.commons.cli$TypeHandler#createObject(java.lang.String):139;0.0
org.apache.commons.cli$TypeHandler#createObject(java.lang.String):141;0.0
org.apache.commons.cli$TypeHandler#createObject(java.lang.String):144;0.0
org.apache.commons.cli$TypeHandler#createObject(java.lang.String):147;0.0
org.apache.commons.cli$TypeHandler#createNumber(java.lang.String):162;0.0
org.apache.commons.cli$TypeHandler#createNumber(java.lang.String):164;0.0
org.apache.commons.cli$TypeHandler#createNumber(java.lang.String):166;0.0
org.apache.commons.cli$TypeHandler#createNumber(java.lang.String):170;0.0
org.apache.commons.cli$TypeHandler#createNumber(java.lang.String):177;0.0
org.apache.commons.cli$TypeHandler#createNumber(java.lang.String):174;0.0
org.apache.commons.cli$TypeHandler#createNumber(java.lang.String):176;0.0
org.apache.commons.cli$TypeHandler#createNumber(java.lang.String):179;0.0
org.apache.commons.cli$TypeHandler#createClass(java.lang.String):192;0.0
org.apache.commons.cli$TypeHandler#createClass(java.lang.String):194;0.0
org.apache.commons.cli$TypeHandler#createClass(java.lang.String):196;0.0
org.apache.commons.cli$TypeHandler#createClass(java.lang.String):198;0.0
org.apache.commons.cli$TypeHandler#createDate(java.lang.String):211;0.0
org.apache.commons.cli$TypeHandler#createURL(java.lang.String):225;0.0
org.apache.commons.cli$TypeHandler#createURL(java.lang.String):227;0.0
org.apache.commons.cli$TypeHandler#createURL(java.lang.String):229;0.0
org.apache.commons.cli$TypeHandler#createURL(java.lang.String):231;0.0
org.apache.commons.cli$TypeHandler#createFile(java.lang.String):243;0.0
org.apache.commons.cli$TypeHandler#createFiles(java.lang.String):256;0.0
org.apache.commons.cli$ParseException#ParseException(java.lang.String):35;0.0
org.apache.commons.cli$ParseException#ParseException(java.lang.String):36;0.0
org.apache.commons.cli$UnrecognizedOptionException#UnrecognizedOptionException(java.lang.String):37;0.0
org.apache.commons.cli$UnrecognizedOptionException#UnrecognizedOptionException(java.lang.String):38;0.0
org.apache.commons.cli$MissingArgumentException#MissingArgumentException(java.lang.String):37;0.0
org.apache.commons.cli$MissingArgumentException#MissingArgumentException(java.lang.String):38;0.0
org.apache.commons.cli$HelpFormatter#setWidth(int):91;0.0
org.apache.commons.cli$HelpFormatter#setWidth(int):92;0.0
org.apache.commons.cli$HelpFormatter#getWidth():101;0.0
org.apache.commons.cli$HelpFormatter#setLeftPadding(int):111;0.0
org.apache.commons.cli$HelpFormatter#setLeftPadding(int):112;0.0
org.apache.commons.cli$HelpFormatter#getLeftPadding():121;0.0
org.apache.commons.cli$HelpFormatter#setDescPadding(int):131;0.0
org.apache.commons.cli$HelpFormatter#setDescPadding(int):132;0.0
org.apache.commons.cli$HelpFormatter#getDescPadding():141;0.0
org.apache.commons.cli$HelpFormatter#setSyntaxPrefix(java.lang.String):151;0.0
org.apache.commons.cli$HelpFormatter#setSyntaxPrefix(java.lang.String):152;0.0
org.apache.commons.cli$HelpFormatter#getSyntaxPrefix():161;0.0
org.apache.commons.cli$HelpFormatter#setNewLine(java.lang.String):171;0.0
org.apache.commons.cli$HelpFormatter#setNewLine(java.lang.String):172;0.0
org.apache.commons.cli$HelpFormatter#getNewLine():181;0.0
org.apache.commons.cli$HelpFormatter#setOptPrefix(java.lang.String):191;0.0
org.apache.commons.cli$HelpFormatter#setOptPrefix(java.lang.String):192;0.0
org.apache.commons.cli$HelpFormatter#getOptPrefix():201;0.0
org.apache.commons.cli$HelpFormatter#setLongOptPrefix(java.lang.String):211;0.0
org.apache.commons.cli$HelpFormatter#setLongOptPrefix(java.lang.String):212;0.0
org.apache.commons.cli$HelpFormatter#getLongOptPrefix():221;0.0
org.apache.commons.cli$HelpFormatter#setArgName(java.lang.String):231;0.0
org.apache.commons.cli$HelpFormatter#setArgName(java.lang.String):232;0.0
org.apache.commons.cli$HelpFormatter#getArgName():241;0.0
org.apache.commons.cli$HelpFormatter#printHelp(java.lang.String,org.apache.commons.cli.Options,boolean):273;0.0
org.apache.commons.cli$HelpFormatter#printHelp(java.lang.String,org.apache.commons.cli.Options,boolean):274;0.0
org.apache.commons.cli$HelpFormatter#printHelp(java.lang.String,java.lang.String,org.apache.commons.cli.Options,java.lang.String):289;0.0
org.apache.commons.cli$HelpFormatter#printHelp(java.lang.String,java.lang.String,org.apache.commons.cli.Options,java.lang.String):290;0.0
org.apache.commons.cli$HelpFormatter#printHelp(java.lang.String,java.lang.String,org.apache.commons.cli.Options,java.lang.String,boolean):307;0.0
org.apache.commons.cli$HelpFormatter#printHelp(java.lang.String,java.lang.String,org.apache.commons.cli.Options,java.lang.String,boolean):309;0.0
org.apache.commons.cli$HelpFormatter#printHelp(int,java.lang.String,java.lang.String,org.apache.commons.cli.Options,java.lang.String):325;0.0
org.apache.commons.cli$HelpFormatter#printHelp(int,java.lang.String,java.lang.String,org.apache.commons.cli.Options,java.lang.String):326;0.0
org.apache.commons.cli$HelpFormatter#printHelp(java.io.PrintWriter,int,java.lang.String,java.lang.String,org.apache.commons.cli.Options,int,int,java.lang.String):370;0.0
org.apache.commons.cli$HelpFormatter#printHelp(java.io.PrintWriter,int,java.lang.String,java.lang.String,org.apache.commons.cli.Options,int,int,java.lang.String):372;0.0
org.apache.commons.cli$HelpFormatter#printHelp(java.io.PrintWriter,int,java.lang.String,java.lang.String,org.apache.commons.cli.Options,int,int,java.lang.String,boolean):398;0.0
org.apache.commons.cli$HelpFormatter#printHelp(java.io.PrintWriter,int,java.lang.String,java.lang.String,org.apache.commons.cli.Options,int,int,java.lang.String,boolean):403;0.0
org.apache.commons.cli$HelpFormatter#printHelp(java.io.PrintWriter,int,java.lang.String,java.lang.String,org.apache.commons.cli.Options,int,int,java.lang.String,boolean):412;0.0
org.apache.commons.cli$HelpFormatter#printHelp(java.io.PrintWriter,int,java.lang.String,java.lang.String,org.apache.commons.cli.Options,int,int,java.lang.String,boolean):419;0.0
org.apache.commons.cli$HelpFormatter#printUsage(java.io.PrintWriter,int,java.lang.String,org.apache.commons.cli.Options):436;0.0
org.apache.commons.cli$HelpFormatter#printUsage(java.io.PrintWriter,int,java.lang.String,org.apache.commons.cli.Options):440;0.0
org.apache.commons.cli$HelpFormatter#printUsage(java.io.PrintWriter,int,java.lang.String,org.apache.commons.cli.Options):446;0.0
org.apache.commons.cli$HelpFormatter#printUsage(java.io.PrintWriter,int,java.lang.String,org.apache.commons.cli.Options):449;0.0
org.apache.commons.cli$HelpFormatter#printUsage(java.io.PrintWriter,int,java.lang.String,org.apache.commons.cli.Options):452;0.0
org.apache.commons.cli$HelpFormatter#printUsage(java.io.PrintWriter,int,java.lang.String,org.apache.commons.cli.Options):455;0.0
org.apache.commons.cli$HelpFormatter#printUsage(java.io.PrintWriter,int,java.lang.String,org.apache.commons.cli.Options):458;0.0
org.apache.commons.cli$HelpFormatter#printUsage(java.io.PrintWriter,int,java.lang.String,org.apache.commons.cli.Options):461;0.0
org.apache.commons.cli$HelpFormatter#printUsage(java.io.PrintWriter,int,java.lang.String,org.apache.commons.cli.Options):465;0.0
org.apache.commons.cli$HelpFormatter#printUsage(java.io.PrintWriter,int,java.lang.String,org.apache.commons.cli.Options):475;0.0
org.apache.commons.cli$HelpFormatter#printUsage(java.io.PrintWriter,int,java.lang.String,org.apache.commons.cli.Options):478;0.0
org.apache.commons.cli$HelpFormatter#printUsage(java.io.PrintWriter,int,java.lang.String,org.apache.commons.cli.Options):480;0.0
org.apache.commons.cli$HelpFormatter#printUsage(java.io.PrintWriter,int,java.lang.String,org.apache.commons.cli.Options):482;0.0
org.apache.commons.cli$HelpFormatter#printUsage(java.io.PrintWriter,int,java.lang.String,org.apache.commons.cli.Options):486;0.0
org.apache.commons.cli$HelpFormatter#printUsage(java.io.PrintWriter,int,java.lang.String,org.apache.commons.cli.Options):488;0.0
org.apache.commons.cli$HelpFormatter#appendOptionGroup(java.lang.StringBuffer,org.apache.commons.cli.OptionGroup):501;0.0
org.apache.commons.cli$HelpFormatter#appendOptionGroup(java.lang.StringBuffer,org.apache.commons.cli.OptionGroup):503;0.0
org.apache.commons.cli$HelpFormatter#appendOptionGroup(java.lang.StringBuffer,org.apache.commons.cli.OptionGroup):507;0.0
org.apache.commons.cli$HelpFormatter#appendOptionGroup(java.lang.StringBuffer,org.apache.commons.cli.OptionGroup):510;0.0
org.apache.commons.cli$HelpFormatter#appendOptionGroup(java.lang.StringBuffer,org.apache.commons.cli.OptionGroup):512;0.0
org.apache.commons.cli$HelpFormatter#appendOptionGroup(java.lang.StringBuffer,org.apache.commons.cli.OptionGroup):514;0.0
org.apache.commons.cli$HelpFormatter#appendOptionGroup(java.lang.StringBuffer,org.apache.commons.cli.OptionGroup):518;0.0
org.apache.commons.cli$HelpFormatter#appendOptionGroup(java.lang.StringBuffer,org.apache.commons.cli.OptionGroup):520;0.0
org.apache.commons.cli$HelpFormatter#appendOptionGroup(java.lang.StringBuffer,org.apache.commons.cli.OptionGroup):522;0.0
org.apache.commons.cli$HelpFormatter#appendOption(java.lang.StringBuffer,org.apache.commons.cli.Option,boolean):535;0.0
org.apache.commons.cli$HelpFormatter#appendOption(java.lang.StringBuffer,org.apache.commons.cli.Option,boolean):537;0.0
org.apache.commons.cli$HelpFormatter#appendOption(java.lang.StringBuffer,org.apache.commons.cli.Option,boolean):540;0.0
org.apache.commons.cli$HelpFormatter#appendOption(java.lang.StringBuffer,org.apache.commons.cli.Option,boolean):542;0.0
org.apache.commons.cli$HelpFormatter#appendOption(java.lang.StringBuffer,org.apache.commons.cli.Option,boolean):546;0.0
org.apache.commons.cli$HelpFormatter#appendOption(java.lang.StringBuffer,org.apache.commons.cli.Option,boolean):550;0.0
org.apache.commons.cli$HelpFormatter#appendOption(java.lang.StringBuffer,org.apache.commons.cli.Option,boolean):552;0.0
org.apache.commons.cli$HelpFormatter#appendOption(java.lang.StringBuffer,org.apache.commons.cli.Option,boolean):556;0.0
org.apache.commons.cli$HelpFormatter#appendOption(java.lang.StringBuffer,org.apache.commons.cli.Option,boolean):558;0.0
org.apache.commons.cli$HelpFormatter#appendOption(java.lang.StringBuffer,org.apache.commons.cli.Option,boolean):560;0.0
org.apache.commons.cli$HelpFormatter#printWrapped(java.io.PrintWriter,int,java.lang.String):608;0.0
org.apache.commons.cli$HelpFormatter#printWrapped(java.io.PrintWriter,int,java.lang.String):609;0.0
org.apache.commons.cli$HelpFormatter#renderOptions(java.lang.StringBuffer,int,org.apache.commons.cli.Options,int,int):670;0.0
org.apache.commons.cli$HelpFormatter#renderOptions(java.lang.StringBuffer,int,org.apache.commons.cli.Options,int,int):680;0.0
org.apache.commons.cli$HelpFormatter#renderOptions(java.lang.StringBuffer,int,org.apache.commons.cli.Options,int,int):689;0.0
org.apache.commons.cli$HelpFormatter#renderOptions(java.lang.StringBuffer,int,org.apache.commons.cli.Options,int,int):710;0.0
org.apache.commons.cli$HelpFormatter#renderOptions(java.lang.StringBuffer,int,org.apache.commons.cli.Options,int,int):726;0.0
org.apache.commons.cli$HelpFormatter#renderWrappedText(java.lang.StringBuffer,int,int,java.lang.String):755;0.0
org.apache.commons.cli$HelpFormatter#renderWrappedText(java.lang.StringBuffer,int,int,java.lang.String):759;0.0
org.apache.commons.cli$HelpFormatter#renderWrappedText(java.lang.StringBuffer,int,int,java.lang.String):763;0.0
org.apache.commons.cli$HelpFormatter#renderWrappedText(java.lang.StringBuffer,int,int,java.lang.String):764;0.0
org.apache.commons.cli$HelpFormatter#renderWrappedText(java.lang.StringBuffer,int,int,java.lang.String):766;0.0
org.apache.commons.cli$HelpFormatter#renderWrappedText(java.lang.StringBuffer,int,int,java.lang.String):768;0.0
org.apache.commons.cli$HelpFormatter#renderWrappedText(java.lang.StringBuffer,int,int,java.lang.String):770;0.0
org.apache.commons.cli$HelpFormatter#renderWrappedText(java.lang.StringBuffer,int,int,java.lang.String):773;0.0
org.apache.commons.cli$HelpFormatter#findWrapPos(java.lang.String,int,int):798;0.0
org.apache.commons.cli$HelpFormatter#findWrapPos(java.lang.String,int,int):807;0.0
org.apache.commons.cli$HelpFormatter#findWrapPos(java.lang.String,int,int):812;0.0
org.apache.commons.cli$HelpFormatter#findWrapPos(java.lang.String,int,int):814;0.0
org.apache.commons.cli$HelpFormatter#findWrapPos(java.lang.String,int,int):818;0.0
org.apache.commons.cli$HelpFormatter#findWrapPos(java.lang.String,int,int):820;0.0
org.apache.commons.cli$HelpFormatter#findWrapPos(java.lang.String,int,int):825;0.0
org.apache.commons.cli$HelpFormatter#findWrapPos(java.lang.String,int,int):828;0.0
org.apache.commons.cli$HelpFormatter#findWrapPos(java.lang.String,int,int):830;0.0
org.apache.commons.cli$HelpFormatter#findWrapPos(java.lang.String,int,int):833;0.0
org.apache.commons.cli$HelpFormatter#rtrim(java.lang.String):866;0.0
org.apache.commons.cli$HelpFormatter#rtrim(java.lang.String):873;0.0
org.apache.commons.cli$HelpFormatter$OptionComparator#compare(java.lang.Object,java.lang.Object):903;0.0
org.apache.commons.cli$HelpFormatter$OptionComparator#compare(java.lang.Object,java.lang.Object):904;0.0
org.apache.commons.cli$HelpFormatter$OptionComparator#compare(java.lang.Object,java.lang.Object):906;0.0
org.apache.commons.cli$GnuParser#GnuParser():29;0.0
org.apache.commons.cli$GnuParser#GnuParser():32;0.0
org.apache.commons.cli$GnuParser#init():40;0.0
org.apache.commons.cli$GnuParser#init():41;0.0
org.apache.commons.cli$GnuParser#flatten(org.apache.commons.cli.Options,java.lang.String[],boolean):65;0.0
org.apache.commons.cli$GnuParser#flatten(org.apache.commons.cli.Options,java.lang.String[],boolean):67;0.0
org.apache.commons.cli$GnuParser#flatten(org.apache.commons.cli.Options,java.lang.String[],boolean):68;0.0
org.apache.commons.cli$GnuParser#flatten(org.apache.commons.cli.Options,java.lang.String[],boolean):70;0.0
org.apache.commons.cli$GnuParser#flatten(org.apache.commons.cli.Options,java.lang.String[],boolean):72;0.0
org.apache.commons.cli$GnuParser#flatten(org.apache.commons.cli.Options,java.lang.String[],boolean):74;0.0
org.apache.commons.cli$GnuParser#flatten(org.apache.commons.cli.Options,java.lang.String[],boolean):75;0.0
org.apache.commons.cli$GnuParser#flatten(org.apache.commons.cli.Options,java.lang.String[],boolean):77;0.0
org.apache.commons.cli$GnuParser#flatten(org.apache.commons.cli.Options,java.lang.String[],boolean):79;0.0
org.apache.commons.cli$GnuParser#flatten(org.apache.commons.cli.Options,java.lang.String[],boolean):81;0.0
org.apache.commons.cli$GnuParser#flatten(org.apache.commons.cli.Options,java.lang.String[],boolean):83;0.0
org.apache.commons.cli$GnuParser#flatten(org.apache.commons.cli.Options,java.lang.String[],boolean):86;0.0
org.apache.commons.cli$GnuParser#flatten(org.apache.commons.cli.Options,java.lang.String[],boolean):89;0.0
org.apache.commons.cli$GnuParser#flatten(org.apache.commons.cli.Options,java.lang.String[],boolean):92;0.0
org.apache.commons.cli$GnuParser#flatten(org.apache.commons.cli.Options,java.lang.String[],boolean):94;0.0
org.apache.commons.cli$GnuParser#flatten(org.apache.commons.cli.Options,java.lang.String[],boolean):95;0.0
org.apache.commons.cli$GnuParser#flatten(org.apache.commons.cli.Options,java.lang.String[],boolean):97;0.0
org.apache.commons.cli$GnuParser#flatten(org.apache.commons.cli.Options,java.lang.String[],boolean):99;0.0
org.apache.commons.cli$GnuParser#flatten(org.apache.commons.cli.Options,java.lang.String[],boolean):100;0.0
org.apache.commons.cli$GnuParser#flatten(org.apache.commons.cli.Options,java.lang.String[],boolean):104;0.0
org.apache.commons.cli$GnuParser#flatten(org.apache.commons.cli.Options,java.lang.String[],boolean):106;0.0
org.apache.commons.cli$GnuParser#flatten(org.apache.commons.cli.Options,java.lang.String[],boolean):113;0.0
org.apache.commons.cli$GnuParser#flatten(org.apache.commons.cli.Options,java.lang.String[],boolean):116;0.0
org.apache.commons.cli$GnuParser#flatten(org.apache.commons.cli.Options,java.lang.String[],boolean):119;0.0
org.apache.commons.cli$GnuParser#flatten(org.apache.commons.cli.Options,java.lang.String[],boolean):121;0.0
org.apache.commons.cli$GnuParser#flatten(org.apache.commons.cli.Options,java.lang.String[],boolean):122;0.0
org.apache.commons.cli$GnuParser#flatten(org.apache.commons.cli.Options,java.lang.String[],boolean):124;0.0
org.apache.commons.cli$GnuParser#flatten(org.apache.commons.cli.Options,java.lang.String[],boolean):126;0.0
org.apache.commons.cli$GnuParser#flatten(org.apache.commons.cli.Options,java.lang.String[],boolean):128;0.0
org.apache.commons.cli$GnuParser#flatten(org.apache.commons.cli.Options,java.lang.String[],boolean):129;0.0
org.apache.commons.cli$GnuParser#flatten(org.apache.commons.cli.Options,java.lang.String[],boolean):131;0.0
org.apache.commons.cli$GnuParser#flatten(org.apache.commons.cli.Options,java.lang.String[],boolean):133;0.0
org.apache.commons.cli$GnuParser#flatten(org.apache.commons.cli.Options,java.lang.String[],boolean):135;0.0
org.apache.commons.cli$GnuParser#flatten(org.apache.commons.cli.Options,java.lang.String[],boolean):137;0.0
org.apache.commons.cli$GnuParser#flatten(org.apache.commons.cli.Options,java.lang.String[],boolean):138;0.0
org.apache.commons.cli$GnuParser#flatten(org.apache.commons.cli.Options,java.lang.String[],boolean):139;0.0
org.apache.commons.cli$GnuParser#flatten(org.apache.commons.cli.Options,java.lang.String[],boolean):143;0.0
org.apache.commons.cli$GnuParser#flatten(org.apache.commons.cli.Options,java.lang.String[],boolean):146;0.0
org.apache.commons.cli$GnuParser#flatten(org.apache.commons.cli.Options,java.lang.String[],boolean):148;0.0
org.apache.commons.cli$GnuParser#flatten(org.apache.commons.cli.Options,java.lang.String[],boolean):150;0.0
org.apache.commons.cli$GnuParser#flatten(org.apache.commons.cli.Options,java.lang.String[],boolean):152;0.0
org.apache.commons.cli$GnuParser#flatten(org.apache.commons.cli.Options,java.lang.String[],boolean):153;0.0
org.apache.commons.cli$GnuParser#flatten(org.apache.commons.cli.Options,java.lang.String[],boolean):154;0.0
org.apache.commons.cli$GnuParser#flatten(org.apache.commons.cli.Options,java.lang.String[],boolean):158;0.0
org.apache.commons.cli$GnuParser#flatten(org.apache.commons.cli.Options,java.lang.String[],boolean):161;0.0
org.apache.commons.cli$GnuParser#flatten(org.apache.commons.cli.Options,java.lang.String[],boolean):164;0.0
org.apache.commons.cli$GnuParser#flatten(org.apache.commons.cli.Options,java.lang.String[],boolean):167;0.0
org.apache.commons.cli$GnuParser#flatten(org.apache.commons.cli.Options,java.lang.String[],boolean):169;0.0
org.apache.commons.cli$GnuParser#flatten(org.apache.commons.cli.Options,java.lang.String[],boolean):171;0.0
org.apache.commons.cli$GnuParser#flatten(org.apache.commons.cli.Options,java.lang.String[],boolean):176;0.0
org.apache.commons.cli$OptionGroup#OptionGroup():28;0.0
org.apache.commons.cli$OptionGroup#OptionGroup():31;0.0
org.apache.commons.cli$OptionGroup#addOption(org.apache.commons.cli.Option):49;0.0
org.apache.commons.cli$OptionGroup#addOption(org.apache.commons.cli.Option):51;0.0
org.apache.commons.cli$OptionGroup#getNames():61;0.0
org.apache.commons.cli$OptionGroup#getOptions():70;0.0
org.apache.commons.cli$OptionGroup#setSelected(org.apache.commons.cli.Option):85;0.0
org.apache.commons.cli$OptionGroup#setSelected(org.apache.commons.cli.Option):87;0.0
org.apache.commons.cli$OptionGroup#setSelected(org.apache.commons.cli.Option):91;0.0
org.apache.commons.cli$OptionGroup#setSelected(org.apache.commons.cli.Option):95;0.0
org.apache.commons.cli$OptionGroup#getSelected():102;0.0
org.apache.commons.cli$OptionGroup#setRequired(boolean):110;0.0
org.apache.commons.cli$OptionGroup#setRequired(boolean):111;0.0
org.apache.commons.cli$OptionGroup#isRequired():120;0.0
org.apache.commons.cli$OptionGroup#toString():129;0.0
org.apache.commons.cli$OptionGroup#toString():131;0.0
org.apache.commons.cli$OptionGroup#toString():133;0.0
org.apache.commons.cli$OptionGroup#toString():135;0.0
org.apache.commons.cli$OptionGroup#toString():137;0.0
org.apache.commons.cli$OptionGroup#toString():139;0.0
org.apache.commons.cli$OptionGroup#toString():141;0.0
org.apache.commons.cli$OptionGroup#toString():142;0.0
org.apache.commons.cli$OptionGroup#toString():146;0.0
org.apache.commons.cli$OptionGroup#toString():147;0.0
org.apache.commons.cli$OptionGroup#toString():150;0.0
org.apache.commons.cli$OptionGroup#toString():151;0.0
org.apache.commons.cli$OptionGroup#toString():153;0.0
org.apache.commons.cli$OptionGroup#toString():155;0.0
org.apache.commons.cli$OptionGroup#toString():157;0.0
org.apache.commons.cli$OptionGroup#toString():159;0.0
org.apache.commons.cli$OptionGroup#toString():161;0.0
org.apache.commons.cli$AlreadySelectedException#AlreadySelectedException(java.lang.String):37;0.0
org.apache.commons.cli$AlreadySelectedException#AlreadySelectedException(java.lang.String):38;0.0
org.apache.commons.cli$MissingOptionException#MissingOptionException(java.lang.String):36;0.0
org.apache.commons.cli$MissingOptionException#MissingOptionException(java.lang.String):37;0.0
