name;suspiciousness_value
org.apache.commons.csv$CSVParser#getHeaderMap():288;0.7071067811865475
org.apache.commons.csv$CSVParser#parse(java.lang.String,org.apache.commons.csv.CSVFormat):172;0.18569533817705186
org.apache.commons.csv$CSVParser#parse(java.lang.String,org.apache.commons.csv.CSVFormat):170;0.18257418583505536
org.apache.commons.csv$CSVParser#parse(java.lang.String,org.apache.commons.csv.CSVFormat):169;0.1796053020267749
org.apache.commons.csv$CSVParser#CSVParser(java.io.Reader,org.apache.commons.csv.CSVFormat):241;0.14586499149789456
org.apache.commons.csv$CSVParser#CSVParser(java.io.Reader,org.apache.commons.csv.CSVFormat):242;0.14586499149789456
org.apache.commons.csv$CSVParser#CSVParser(java.io.Reader,org.apache.commons.csv.CSVFormat):243;0.14586499149789456
org.apache.commons.csv$CSVParser#CSVParser(java.io.Reader,org.apache.commons.csv.CSVFormat):244;0.14586499149789456
org.apache.commons.csv$CSVParser#CSVParser(java.io.Reader,org.apache.commons.csv.CSVFormat):245;0.14586499149789456
org.apache.commons.csv$CSVParser#initializeHeader():325;0.14586499149789456
org.apache.commons.csv$CSVParser#initializeHeader():326;0.14586499149789456
org.apache.commons.csv$CSVParser#initializeHeader():327;0.14586499149789456
org.apache.commons.csv$CSVParser#initializeHeader():351;0.14586499149789456
org.apache.commons.csv$CSVParser#CSVParser(java.io.Reader,org.apache.commons.csv.CSVFormat):239;0.14433756729740646
org.apache.commons.csv$CSVFormat#getHeader():423;0.14285714285714285
org.apache.commons.csv$CSVParser#CSVParser(java.io.Reader,org.apache.commons.csv.CSVFormat):237;0.14285714285714285
org.apache.commons.csv$CSVParser#CSVParser(java.io.Reader,org.apache.commons.csv.CSVFormat):214;0.14285714285714285
org.apache.commons.csv$CSVParser#CSVParser(java.io.Reader,org.apache.commons.csv.CSVFormat):218;0.14285714285714285
org.apache.commons.csv$CSVParser#CSVParser(java.io.Reader,org.apache.commons.csv.CSVFormat):238;0.14285714285714285
org.apache.commons.csv$Lexer#Lexer(org.apache.commons.csv.CSVFormat,org.apache.commons.csv.ExtendedBufferedReader):61;0.11704114719613057
org.apache.commons.csv$Lexer#Lexer(org.apache.commons.csv.CSVFormat,org.apache.commons.csv.ExtendedBufferedReader):62;0.11704114719613057
org.apache.commons.csv$Lexer#Lexer(org.apache.commons.csv.CSVFormat,org.apache.commons.csv.ExtendedBufferedReader):63;0.11704114719613057
org.apache.commons.csv$Lexer#Lexer(org.apache.commons.csv.CSVFormat,org.apache.commons.csv.ExtendedBufferedReader):64;0.11704114719613057
org.apache.commons.csv$Lexer#Lexer(org.apache.commons.csv.CSVFormat,org.apache.commons.csv.ExtendedBufferedReader):65;0.11704114719613057
org.apache.commons.csv$Lexer#Lexer(org.apache.commons.csv.CSVFormat,org.apache.commons.csv.ExtendedBufferedReader):66;0.11704114719613057
org.apache.commons.csv$Lexer#Lexer(org.apache.commons.csv.CSVFormat,org.apache.commons.csv.ExtendedBufferedReader):67;0.11704114719613057
org.apache.commons.csv$Lexer#Lexer(org.apache.commons.csv.CSVFormat,org.apache.commons.csv.ExtendedBufferedReader):68;0.11704114719613057
org.apache.commons.csv$Lexer#Lexer(org.apache.commons.csv.CSVFormat,org.apache.commons.csv.ExtendedBufferedReader):69;0.11704114719613057
org.apache.commons.csv$Lexer#mapNullToDisabled(java.lang.Character):291;0.11704114719613057
org.apache.commons.csv$CSVFormat#getIgnoreSurroundingSpaces():443;0.11547005383792514
org.apache.commons.csv$CSVFormat#getIgnoreEmptyLines():433;0.11470786693528087
org.apache.commons.csv$CSVFormat#getCommentStart():396;0.11322770341445956
org.apache.commons.csv$ExtendedBufferedReader#ExtendedBufferedReader(java.io.Reader):51;0.11322770341445956
org.apache.commons.csv$ExtendedBufferedReader#ExtendedBufferedReader(java.io.Reader):40;0.11322770341445956
org.apache.commons.csv$ExtendedBufferedReader#ExtendedBufferedReader(java.io.Reader):43;0.11322770341445956
org.apache.commons.csv$ExtendedBufferedReader#ExtendedBufferedReader(java.io.Reader):52;0.11322770341445956
org.apache.commons.csv$Token#Token():29;0.1125087900926024
org.apache.commons.csv$Token#Token():52;0.1125087900926024
org.apache.commons.csv$Token#Token():55;0.1125087900926024
org.apache.commons.csv$Token$Type#Token$Type(java.lang.String,int):34;0.1125087900926024
org.apache.commons.csv$Token$Type#<clinit>():36;0.1125087900926024
org.apache.commons.csv$Token$Type#<clinit>():39;0.1125087900926024
org.apache.commons.csv$Token$Type#<clinit>():42;0.1125087900926024
org.apache.commons.csv$Token$Type#<clinit>():45;0.1125087900926024
org.apache.commons.csv$Token$Type#<clinit>():48;0.1125087900926024
org.apache.commons.csv$Token$Type#<clinit>():34;0.1125087900926024
org.apache.commons.csv$CSVFormat#getEscape():414;0.11180339887498948
org.apache.commons.csv$CSVFormat#validate():652;0.11180339887498948
org.apache.commons.csv$CSVFormat#validate():645;0.1111111111111111
org.apache.commons.csv$CSVFormat#validate():641;0.11043152607484653
org.apache.commons.csv$CSVFormat#validate():636;0.1091089451179962
org.apache.commons.csv$Quote#Quote(java.lang.String,int):24;0.10846522890932808
org.apache.commons.csv$Quote#<clinit>():29;0.10846522890932808
org.apache.commons.csv$Quote#<clinit>():35;0.10846522890932808
org.apache.commons.csv$Quote#<clinit>():40;0.10846522890932808
org.apache.commons.csv$Quote#<clinit>():47;0.10846522890932808
org.apache.commons.csv$Quote#<clinit>():24;0.10846522890932808
org.apache.commons.csv$CSVFormat#validate():631;0.10783277320343841
org.apache.commons.csv$CSVFormat#validate():626;0.10721125348377948
org.apache.commons.csv$Assertions#notNull(java.lang.Object,java.lang.String):35;0.10721125348377948
org.apache.commons.csv$CSVFormat#validate():621;0.10660035817780521
org.apache.commons.csv$CSVFormat#validate():616;0.105999788000636
org.apache.commons.csv$Assertions#notNull(java.lang.Object,java.lang.String):32;0.10369516947304253
org.apache.commons.csv$CSVFormat#getQuoteChar():469;0.1
org.apache.commons.csv$CSVFormat#getDelimiter():405;0.09667364890456635
org.apache.commons.csv$CSVFormat#CSVFormat(char,java.lang.Character,org.apache.commons.csv.Quote,java.lang.Character,java.lang.Character,boolean,boolean,java.lang.String,java.lang.String,java.lang.String[],boolean):296;0.08137884587711594
org.apache.commons.csv$CSVFormat#CSVFormat(char,java.lang.Character,org.apache.commons.csv.Quote,java.lang.Character,java.lang.Character,boolean,boolean,java.lang.String,java.lang.String,java.lang.String[],boolean):297;0.08137884587711594
org.apache.commons.csv$CSVFormat#CSVFormat(char,java.lang.Character,org.apache.commons.csv.Quote,java.lang.Character,java.lang.Character,boolean,boolean,java.lang.String,java.lang.String,java.lang.String[],boolean):300;0.08137884587711594
org.apache.commons.csv$CSVFormat#CSVFormat(char,java.lang.Character,org.apache.commons.csv.Quote,java.lang.Character,java.lang.Character,boolean,boolean,java.lang.String,java.lang.String,java.lang.String[],boolean):301;0.08137884587711594
org.apache.commons.csv$CSVFormat#CSVFormat(char,java.lang.Character,org.apache.commons.csv.Quote,java.lang.Character,java.lang.Character,boolean,boolean,java.lang.String,java.lang.String,java.lang.String[],boolean):302;0.08137884587711594
org.apache.commons.csv$CSVFormat#CSVFormat(char,java.lang.Character,org.apache.commons.csv.Quote,java.lang.Character,java.lang.Character,boolean,boolean,java.lang.String,java.lang.String,java.lang.String[],boolean):303;0.08137884587711594
org.apache.commons.csv$CSVFormat#CSVFormat(char,java.lang.Character,org.apache.commons.csv.Quote,java.lang.Character,java.lang.Character,boolean,boolean,java.lang.String,java.lang.String,java.lang.String[],boolean):304;0.08137884587711594
org.apache.commons.csv$CSVFormat#CSVFormat(char,java.lang.Character,org.apache.commons.csv.Quote,java.lang.Character,java.lang.Character,boolean,boolean,java.lang.String,java.lang.String,java.lang.String[],boolean):305;0.08137884587711594
org.apache.commons.csv$CSVFormat#CSVFormat(char,java.lang.Character,org.apache.commons.csv.Quote,java.lang.Character,java.lang.Character,boolean,boolean,java.lang.String,java.lang.String,java.lang.String[],boolean):306;0.08137884587711594
org.apache.commons.csv$CSVFormat#CSVFormat(char,java.lang.Character,org.apache.commons.csv.Quote,java.lang.Character,java.lang.Character,boolean,boolean,java.lang.String,java.lang.String,java.lang.String[],boolean):307;0.08137884587711594
org.apache.commons.csv$CSVFormat#CSVFormat(char,java.lang.Character,org.apache.commons.csv.Quote,java.lang.Character,java.lang.Character,boolean,boolean,java.lang.String,java.lang.String,java.lang.String[],boolean):308;0.08137884587711594
org.apache.commons.csv$CSVFormat#CSVFormat(char,java.lang.Character,org.apache.commons.csv.Quote,java.lang.Character,java.lang.Character,boolean,boolean,java.lang.String,java.lang.String,java.lang.String[],boolean):309;0.08137884587711594
org.apache.commons.csv$CSVFormat#CSVFormat(char,java.lang.Character,org.apache.commons.csv.Quote,java.lang.Character,java.lang.Character,boolean,boolean,java.lang.String,java.lang.String,java.lang.String[],boolean):310;0.08137884587711594
org.apache.commons.csv$CSVFormat#CSVFormat(char,java.lang.Character,org.apache.commons.csv.Quote,java.lang.Character,java.lang.Character,boolean,boolean,java.lang.String,java.lang.String,java.lang.String[],boolean):311;0.08137884587711594
org.apache.commons.csv$CSVFormat#<clinit>():174;0.08137884587711594
org.apache.commons.csv$CSVFormat#<clinit>():186;0.08137884587711594
org.apache.commons.csv$CSVFormat#<clinit>():205;0.08137884587711594
org.apache.commons.csv$CSVFormat#<clinit>():208;0.08137884587711594
org.apache.commons.csv$CSVFormat#<clinit>():221;0.08137884587711594
org.apache.commons.csv$CSVFormat#isLineBreak(char):238;0.08137884587711594
org.apache.commons.csv$CSVFormat#isLineBreak(java.lang.Character):250;0.08137884587711594
org.apache.commons.csv$CSVFormat#withDelimiter(char):698;0.08137884587711594
org.apache.commons.csv$CSVFormat#withDelimiter(char):701;0.08137884587711594
org.apache.commons.csv$CSVFormat#withEscape(char):715;0.08137884587711594
org.apache.commons.csv$CSVFormat#withEscape(java.lang.Character):728;0.08137884587711594
org.apache.commons.csv$CSVFormat#withEscape(java.lang.Character):731;0.08137884587711594
org.apache.commons.csv$CSVFormat#withIgnoreEmptyLines(boolean):766;0.08137884587711594
org.apache.commons.csv$CSVFormat#withIgnoreSurroundingSpaces(boolean):779;0.08137884587711594
org.apache.commons.csv$CSVFormat#withQuoteChar(java.lang.Character):826;0.08137884587711594
org.apache.commons.csv$CSVFormat#withQuoteChar(java.lang.Character):829;0.08137884587711594
org.apache.commons.csv$CSVFormat#withRecordSeparator(char):855;0.08137884587711594
org.apache.commons.csv$CSVFormat#withRecordSeparator(java.lang.String):867;0.08137884587711594
org.apache.commons.csv$Constants#<clinit>():36;0.08137884587711594
org.apache.commons.csv$CSVFormat#CSVFormat(char,java.lang.Character,org.apache.commons.csv.Quote,java.lang.Character,java.lang.Character,boolean,boolean,java.lang.String,java.lang.String,java.lang.String[],boolean):298;0.0
org.apache.commons.csv$CSVFormat#newFormat(char):262;0.0
org.apache.commons.csv$CSVFormat#equals(java.lang.Object):315;0.0
org.apache.commons.csv$CSVFormat#equals(java.lang.Object):316;0.0
org.apache.commons.csv$CSVFormat#equals(java.lang.Object):318;0.0
org.apache.commons.csv$CSVFormat#equals(java.lang.Object):319;0.0
org.apache.commons.csv$CSVFormat#equals(java.lang.Object):321;0.0
org.apache.commons.csv$CSVFormat#equals(java.lang.Object):322;0.0
org.apache.commons.csv$CSVFormat#equals(java.lang.Object):325;0.0
org.apache.commons.csv$CSVFormat#equals(java.lang.Object):326;0.0
org.apache.commons.csv$CSVFormat#equals(java.lang.Object):327;0.0
org.apache.commons.csv$CSVFormat#equals(java.lang.Object):329;0.0
org.apache.commons.csv$CSVFormat#equals(java.lang.Object):330;0.0
org.apache.commons.csv$CSVFormat#equals(java.lang.Object):332;0.0
org.apache.commons.csv$CSVFormat#equals(java.lang.Object):333;0.0
org.apache.commons.csv$CSVFormat#equals(java.lang.Object):334;0.0
org.apache.commons.csv$CSVFormat#equals(java.lang.Object):336;0.0
org.apache.commons.csv$CSVFormat#equals(java.lang.Object):337;0.0
org.apache.commons.csv$CSVFormat#equals(java.lang.Object):339;0.0
org.apache.commons.csv$CSVFormat#equals(java.lang.Object):340;0.0
org.apache.commons.csv$CSVFormat#equals(java.lang.Object):341;0.0
org.apache.commons.csv$CSVFormat#equals(java.lang.Object):343;0.0
org.apache.commons.csv$CSVFormat#equals(java.lang.Object):344;0.0
org.apache.commons.csv$CSVFormat#equals(java.lang.Object):346;0.0
org.apache.commons.csv$CSVFormat#equals(java.lang.Object):347;0.0
org.apache.commons.csv$CSVFormat#equals(java.lang.Object):348;0.0
org.apache.commons.csv$CSVFormat#equals(java.lang.Object):350;0.0
org.apache.commons.csv$CSVFormat#equals(java.lang.Object):351;0.0
org.apache.commons.csv$CSVFormat#equals(java.lang.Object):353;0.0
org.apache.commons.csv$CSVFormat#equals(java.lang.Object):354;0.0
org.apache.commons.csv$CSVFormat#equals(java.lang.Object):356;0.0
org.apache.commons.csv$CSVFormat#equals(java.lang.Object):357;0.0
org.apache.commons.csv$CSVFormat#equals(java.lang.Object):359;0.0
org.apache.commons.csv$CSVFormat#equals(java.lang.Object):360;0.0
org.apache.commons.csv$CSVFormat#equals(java.lang.Object):362;0.0
org.apache.commons.csv$CSVFormat#equals(java.lang.Object):363;0.0
org.apache.commons.csv$CSVFormat#equals(java.lang.Object):364;0.0
org.apache.commons.csv$CSVFormat#equals(java.lang.Object):366;0.0
org.apache.commons.csv$CSVFormat#equals(java.lang.Object):367;0.0
org.apache.commons.csv$CSVFormat#equals(java.lang.Object):369;0.0
org.apache.commons.csv$CSVFormat#format(java.lang.Object[]):380;0.0
org.apache.commons.csv$CSVFormat#format(java.lang.Object[]):382;0.0
org.apache.commons.csv$CSVFormat#format(java.lang.Object[]):383;0.0
org.apache.commons.csv$CSVFormat#format(java.lang.Object[]):384;0.0
org.apache.commons.csv$CSVFormat#format(java.lang.Object[]):386;0.0
org.apache.commons.csv$CSVFormat#getNullString():460;0.0
org.apache.commons.csv$CSVFormat#getQuotePolicy():478;0.0
org.apache.commons.csv$CSVFormat#getRecordSeparator():487;0.0
org.apache.commons.csv$CSVFormat#getSkipHeaderRecord():496;0.0
org.apache.commons.csv$CSVFormat#hashCode():502;0.0
org.apache.commons.csv$CSVFormat#hashCode():503;0.0
org.apache.commons.csv$CSVFormat#hashCode():505;0.0
org.apache.commons.csv$CSVFormat#hashCode():506;0.0
org.apache.commons.csv$CSVFormat#hashCode():507;0.0
org.apache.commons.csv$CSVFormat#hashCode():508;0.0
org.apache.commons.csv$CSVFormat#hashCode():509;0.0
org.apache.commons.csv$CSVFormat#hashCode():510;0.0
org.apache.commons.csv$CSVFormat#hashCode():511;0.0
org.apache.commons.csv$CSVFormat#hashCode():512;0.0
org.apache.commons.csv$CSVFormat#hashCode():513;0.0
org.apache.commons.csv$CSVFormat#hashCode():514;0.0
org.apache.commons.csv$CSVFormat#isCommentingEnabled():525;0.0
org.apache.commons.csv$CSVFormat#isEscaping():534;0.0
org.apache.commons.csv$CSVFormat#isNullHandling():543;0.0
org.apache.commons.csv$CSVFormat#isQuoting():552;0.0
org.apache.commons.csv$CSVFormat#parse(java.io.Reader):569;0.0
org.apache.commons.csv$CSVFormat#toString():574;0.0
org.apache.commons.csv$CSVFormat#toString():575;0.0
org.apache.commons.csv$CSVFormat#toString():576;0.0
org.apache.commons.csv$CSVFormat#toString():577;0.0
org.apache.commons.csv$CSVFormat#toString():578;0.0
org.apache.commons.csv$CSVFormat#toString():580;0.0
org.apache.commons.csv$CSVFormat#toString():581;0.0
org.apache.commons.csv$CSVFormat#toString():582;0.0
org.apache.commons.csv$CSVFormat#toString():584;0.0
org.apache.commons.csv$CSVFormat#toString():585;0.0
org.apache.commons.csv$CSVFormat#toString():586;0.0
org.apache.commons.csv$CSVFormat#toString():588;0.0
org.apache.commons.csv$CSVFormat#toString():589;0.0
org.apache.commons.csv$CSVFormat#toString():590;0.0
org.apache.commons.csv$CSVFormat#toString():592;0.0
org.apache.commons.csv$CSVFormat#toString():593;0.0
org.apache.commons.csv$CSVFormat#toString():594;0.0
org.apache.commons.csv$CSVFormat#toString():596;0.0
org.apache.commons.csv$CSVFormat#toString():597;0.0
org.apache.commons.csv$CSVFormat#toString():599;0.0
org.apache.commons.csv$CSVFormat#toString():600;0.0
org.apache.commons.csv$CSVFormat#toString():602;0.0
org.apache.commons.csv$CSVFormat#toString():603;0.0
org.apache.commons.csv$CSVFormat#toString():604;0.0
org.apache.commons.csv$CSVFormat#toString():605;0.0
org.apache.commons.csv$CSVFormat#toString():607;0.0
org.apache.commons.csv$CSVFormat#validate():617;0.0
org.apache.commons.csv$CSVFormat#validate():622;0.0
org.apache.commons.csv$CSVFormat#validate():627;0.0
org.apache.commons.csv$CSVFormat#validate():632;0.0
org.apache.commons.csv$CSVFormat#validate():637;0.0
org.apache.commons.csv$CSVFormat#validate():642;0.0
org.apache.commons.csv$CSVFormat#validate():646;0.0
org.apache.commons.csv$CSVFormat#validate():647;0.0
org.apache.commons.csv$CSVFormat#validate():648;0.0
org.apache.commons.csv$CSVFormat#validate():649;0.0
org.apache.commons.csv$CSVFormat#withCommentStart(char):666;0.0
org.apache.commons.csv$CSVFormat#withCommentStart(java.lang.Character):681;0.0
org.apache.commons.csv$CSVFormat#withCommentStart(java.lang.Character):682;0.0
org.apache.commons.csv$CSVFormat#withCommentStart(java.lang.Character):684;0.0
org.apache.commons.csv$CSVFormat#withDelimiter(char):699;0.0
org.apache.commons.csv$CSVFormat#withEscape(java.lang.Character):729;0.0
org.apache.commons.csv$CSVFormat#withHeader(java.lang.String[]):753;0.0
org.apache.commons.csv$CSVFormat#withNullString(java.lang.String):799;0.0
org.apache.commons.csv$CSVFormat#withQuoteChar(char):813;0.0
org.apache.commons.csv$CSVFormat#withQuoteChar(java.lang.Character):827;0.0
org.apache.commons.csv$CSVFormat#withQuotePolicy(org.apache.commons.csv.Quote):842;0.0
org.apache.commons.csv$CSVFormat#withSkipHeaderRecord(boolean):881;0.0
org.apache.commons.csv$Constants#Constants():25;0.0
org.apache.commons.csv$Lexer#nextToken(org.apache.commons.csv.Token):85;0.0
org.apache.commons.csv$Lexer#nextToken(org.apache.commons.csv.Token):88;0.0
org.apache.commons.csv$Lexer#nextToken(org.apache.commons.csv.Token):93;0.0
org.apache.commons.csv$Lexer#nextToken(org.apache.commons.csv.Token):96;0.0
org.apache.commons.csv$Lexer#nextToken(org.apache.commons.csv.Token):97;0.0
org.apache.commons.csv$Lexer#nextToken(org.apache.commons.csv.Token):99;0.0
org.apache.commons.csv$Lexer#nextToken(org.apache.commons.csv.Token):100;0.0
org.apache.commons.csv$Lexer#nextToken(org.apache.commons.csv.Token):101;0.0
org.apache.commons.csv$Lexer#nextToken(org.apache.commons.csv.Token):103;0.0
org.apache.commons.csv$Lexer#nextToken(org.apache.commons.csv.Token):104;0.0
org.apache.commons.csv$Lexer#nextToken(org.apache.commons.csv.Token):106;0.0
org.apache.commons.csv$Lexer#nextToken(org.apache.commons.csv.Token):112;0.0
org.apache.commons.csv$Lexer#nextToken(org.apache.commons.csv.Token):113;0.0
org.apache.commons.csv$Lexer#nextToken(org.apache.commons.csv.Token):115;0.0
org.apache.commons.csv$Lexer#nextToken(org.apache.commons.csv.Token):118;0.0
org.apache.commons.csv$Lexer#nextToken(org.apache.commons.csv.Token):119;0.0
org.apache.commons.csv$Lexer#nextToken(org.apache.commons.csv.Token):120;0.0
org.apache.commons.csv$Lexer#nextToken(org.apache.commons.csv.Token):121;0.0
org.apache.commons.csv$Lexer#nextToken(org.apache.commons.csv.Token):123;0.0
org.apache.commons.csv$Lexer#nextToken(org.apache.commons.csv.Token):125;0.0
org.apache.commons.csv$Lexer#nextToken(org.apache.commons.csv.Token):126;0.0
org.apache.commons.csv$Lexer#nextToken(org.apache.commons.csv.Token):127;0.0
org.apache.commons.csv$Lexer#nextToken(org.apache.commons.csv.Token):128;0.0
org.apache.commons.csv$Lexer#nextToken(org.apache.commons.csv.Token):132;0.0
org.apache.commons.csv$Lexer#nextToken(org.apache.commons.csv.Token):134;0.0
org.apache.commons.csv$Lexer#nextToken(org.apache.commons.csv.Token):135;0.0
org.apache.commons.csv$Lexer#nextToken(org.apache.commons.csv.Token):136;0.0
org.apache.commons.csv$Lexer#nextToken(org.apache.commons.csv.Token):137;0.0
org.apache.commons.csv$Lexer#nextToken(org.apache.commons.csv.Token):142;0.0
org.apache.commons.csv$Lexer#nextToken(org.apache.commons.csv.Token):144;0.0
org.apache.commons.csv$Lexer#nextToken(org.apache.commons.csv.Token):145;0.0
org.apache.commons.csv$Lexer#nextToken(org.apache.commons.csv.Token):148;0.0
org.apache.commons.csv$Lexer#nextToken(org.apache.commons.csv.Token):149;0.0
org.apache.commons.csv$Lexer#nextToken(org.apache.commons.csv.Token):151;0.0
org.apache.commons.csv$Lexer#nextToken(org.apache.commons.csv.Token):152;0.0
org.apache.commons.csv$Lexer#nextToken(org.apache.commons.csv.Token):155;0.0
org.apache.commons.csv$Lexer#nextToken(org.apache.commons.csv.Token):156;0.0
org.apache.commons.csv$Lexer#nextToken(org.apache.commons.csv.Token):160;0.0
org.apache.commons.csv$Lexer#nextToken(org.apache.commons.csv.Token):163;0.0
org.apache.commons.csv$Lexer#parseSimpleToken(org.apache.commons.csv.Token,int):188;0.0
org.apache.commons.csv$Lexer#parseSimpleToken(org.apache.commons.csv.Token,int):189;0.0
org.apache.commons.csv$Lexer#parseSimpleToken(org.apache.commons.csv.Token,int):190;0.0
org.apache.commons.csv$Lexer#parseSimpleToken(org.apache.commons.csv.Token,int):191;0.0
org.apache.commons.csv$Lexer#parseSimpleToken(org.apache.commons.csv.Token,int):192;0.0
org.apache.commons.csv$Lexer#parseSimpleToken(org.apache.commons.csv.Token,int):193;0.0
org.apache.commons.csv$Lexer#parseSimpleToken(org.apache.commons.csv.Token,int):194;0.0
org.apache.commons.csv$Lexer#parseSimpleToken(org.apache.commons.csv.Token,int):195;0.0
org.apache.commons.csv$Lexer#parseSimpleToken(org.apache.commons.csv.Token,int):196;0.0
org.apache.commons.csv$Lexer#parseSimpleToken(org.apache.commons.csv.Token,int):197;0.0
org.apache.commons.csv$Lexer#parseSimpleToken(org.apache.commons.csv.Token,int):198;0.0
org.apache.commons.csv$Lexer#parseSimpleToken(org.apache.commons.csv.Token,int):199;0.0
org.apache.commons.csv$Lexer#parseSimpleToken(org.apache.commons.csv.Token,int):200;0.0
org.apache.commons.csv$Lexer#parseSimpleToken(org.apache.commons.csv.Token,int):201;0.0
org.apache.commons.csv$Lexer#parseSimpleToken(org.apache.commons.csv.Token,int):203;0.0
org.apache.commons.csv$Lexer#parseSimpleToken(org.apache.commons.csv.Token,int):205;0.0
org.apache.commons.csv$Lexer#parseSimpleToken(org.apache.commons.csv.Token,int):206;0.0
org.apache.commons.csv$Lexer#parseSimpleToken(org.apache.commons.csv.Token,int):207;0.0
org.apache.commons.csv$Lexer#parseSimpleToken(org.apache.commons.csv.Token,int):208;0.0
org.apache.commons.csv$Lexer#parseSimpleToken(org.apache.commons.csv.Token,int):212;0.0
org.apache.commons.csv$Lexer#parseSimpleToken(org.apache.commons.csv.Token,int):213;0.0
org.apache.commons.csv$Lexer#parseSimpleToken(org.apache.commons.csv.Token,int):216;0.0
org.apache.commons.csv$Lexer#parseEncapsulatedToken(org.apache.commons.csv.Token):241;0.0
org.apache.commons.csv$Lexer#parseEncapsulatedToken(org.apache.commons.csv.Token):244;0.0
org.apache.commons.csv$Lexer#parseEncapsulatedToken(org.apache.commons.csv.Token):246;0.0
org.apache.commons.csv$Lexer#parseEncapsulatedToken(org.apache.commons.csv.Token):247;0.0
org.apache.commons.csv$Lexer#parseEncapsulatedToken(org.apache.commons.csv.Token):248;0.0
org.apache.commons.csv$Lexer#parseEncapsulatedToken(org.apache.commons.csv.Token):249;0.0
org.apache.commons.csv$Lexer#parseEncapsulatedToken(org.apache.commons.csv.Token):251;0.0
org.apache.commons.csv$Lexer#parseEncapsulatedToken(org.apache.commons.csv.Token):253;0.0
org.apache.commons.csv$Lexer#parseEncapsulatedToken(org.apache.commons.csv.Token):254;0.0
org.apache.commons.csv$Lexer#parseEncapsulatedToken(org.apache.commons.csv.Token):256;0.0
org.apache.commons.csv$Lexer#parseEncapsulatedToken(org.apache.commons.csv.Token):257;0.0
org.apache.commons.csv$Lexer#parseEncapsulatedToken(org.apache.commons.csv.Token):261;0.0
org.apache.commons.csv$Lexer#parseEncapsulatedToken(org.apache.commons.csv.Token):262;0.0
org.apache.commons.csv$Lexer#parseEncapsulatedToken(org.apache.commons.csv.Token):263;0.0
org.apache.commons.csv$Lexer#parseEncapsulatedToken(org.apache.commons.csv.Token):264;0.0
org.apache.commons.csv$Lexer#parseEncapsulatedToken(org.apache.commons.csv.Token):265;0.0
org.apache.commons.csv$Lexer#parseEncapsulatedToken(org.apache.commons.csv.Token):266;0.0
org.apache.commons.csv$Lexer#parseEncapsulatedToken(org.apache.commons.csv.Token):267;0.0
org.apache.commons.csv$Lexer#parseEncapsulatedToken(org.apache.commons.csv.Token):268;0.0
org.apache.commons.csv$Lexer#parseEncapsulatedToken(org.apache.commons.csv.Token):269;0.0
org.apache.commons.csv$Lexer#parseEncapsulatedToken(org.apache.commons.csv.Token):270;0.0
org.apache.commons.csv$Lexer#parseEncapsulatedToken(org.apache.commons.csv.Token):271;0.0
org.apache.commons.csv$Lexer#parseEncapsulatedToken(org.apache.commons.csv.Token):272;0.0
org.apache.commons.csv$Lexer#parseEncapsulatedToken(org.apache.commons.csv.Token):274;0.0
org.apache.commons.csv$Lexer#parseEncapsulatedToken(org.apache.commons.csv.Token):279;0.0
org.apache.commons.csv$Lexer#parseEncapsulatedToken(org.apache.commons.csv.Token):281;0.0
org.apache.commons.csv$Lexer#parseEncapsulatedToken(org.apache.commons.csv.Token):285;0.0
org.apache.commons.csv$Lexer#getCurrentLineNumber():300;0.0
org.apache.commons.csv$Lexer#readEscape():317;0.0
org.apache.commons.csv$Lexer#readEscape():318;0.0
org.apache.commons.csv$Lexer#readEscape():320;0.0
org.apache.commons.csv$Lexer#readEscape():322;0.0
org.apache.commons.csv$Lexer#readEscape():324;0.0
org.apache.commons.csv$Lexer#readEscape():326;0.0
org.apache.commons.csv$Lexer#readEscape():328;0.0
org.apache.commons.csv$Lexer#readEscape():334;0.0
org.apache.commons.csv$Lexer#readEscape():336;0.0
org.apache.commons.csv$Lexer#readEscape():339;0.0
org.apache.commons.csv$Lexer#readEscape():340;0.0
org.apache.commons.csv$Lexer#readEscape():343;0.0
org.apache.commons.csv$Lexer#trimTrailingSpaces(java.lang.StringBuilder):348;0.0
org.apache.commons.csv$Lexer#trimTrailingSpaces(java.lang.StringBuilder):349;0.0
org.apache.commons.csv$Lexer#trimTrailingSpaces(java.lang.StringBuilder):350;0.0
org.apache.commons.csv$Lexer#trimTrailingSpaces(java.lang.StringBuilder):352;0.0
org.apache.commons.csv$Lexer#trimTrailingSpaces(java.lang.StringBuilder):353;0.0
org.apache.commons.csv$Lexer#trimTrailingSpaces(java.lang.StringBuilder):355;0.0
org.apache.commons.csv$Lexer#readEndOfLine(int):364;0.0
org.apache.commons.csv$Lexer#readEndOfLine(int):366;0.0
org.apache.commons.csv$Lexer#readEndOfLine(int):368;0.0
org.apache.commons.csv$Lexer#isClosed():372;0.0
org.apache.commons.csv$Lexer#isWhitespace(int):379;0.0
org.apache.commons.csv$Lexer#isStartOfLine(int):389;0.0
org.apache.commons.csv$Lexer#isEndOfFile(int):396;0.0
org.apache.commons.csv$Lexer#isDelimiter(int):400;0.0
org.apache.commons.csv$Lexer#isEscape(int):404;0.0
org.apache.commons.csv$Lexer#isQuoteChar(int):408;0.0
org.apache.commons.csv$Lexer#isCommentStart(int):412;0.0
org.apache.commons.csv$Lexer#isMetaChar(int):416;0.0
org.apache.commons.csv$Lexer#close():429;0.0
org.apache.commons.csv$Lexer#close():430;0.0
org.apache.commons.csv$ExtendedBufferedReader#read():56;0.0
org.apache.commons.csv$ExtendedBufferedReader#read():57;0.0
org.apache.commons.csv$ExtendedBufferedReader#read():58;0.0
org.apache.commons.csv$ExtendedBufferedReader#read():60;0.0
org.apache.commons.csv$ExtendedBufferedReader#read():61;0.0
org.apache.commons.csv$ExtendedBufferedReader#getLastChar():73;0.0
org.apache.commons.csv$ExtendedBufferedReader#read(char[],int,int):78;0.0
org.apache.commons.csv$ExtendedBufferedReader#read(char[],int,int):79;0.0
org.apache.commons.csv$ExtendedBufferedReader#read(char[],int,int):82;0.0
org.apache.commons.csv$ExtendedBufferedReader#read(char[],int,int):84;0.0
org.apache.commons.csv$ExtendedBufferedReader#read(char[],int,int):86;0.0
org.apache.commons.csv$ExtendedBufferedReader#read(char[],int,int):87;0.0
org.apache.commons.csv$ExtendedBufferedReader#read(char[],int,int):88;0.0
org.apache.commons.csv$ExtendedBufferedReader#read(char[],int,int):89;0.0
org.apache.commons.csv$ExtendedBufferedReader#read(char[],int,int):90;0.0
org.apache.commons.csv$ExtendedBufferedReader#read(char[],int,int):92;0.0
org.apache.commons.csv$ExtendedBufferedReader#read(char[],int,int):93;0.0
org.apache.commons.csv$ExtendedBufferedReader#read(char[],int,int):97;0.0
org.apache.commons.csv$ExtendedBufferedReader#read(char[],int,int):99;0.0
org.apache.commons.csv$ExtendedBufferedReader#read(char[],int,int):100;0.0
org.apache.commons.csv$ExtendedBufferedReader#read(char[],int,int):103;0.0
org.apache.commons.csv$ExtendedBufferedReader#readLine():118;0.0
org.apache.commons.csv$ExtendedBufferedReader#readLine():120;0.0
org.apache.commons.csv$ExtendedBufferedReader#readLine():121;0.0
org.apache.commons.csv$ExtendedBufferedReader#readLine():122;0.0
org.apache.commons.csv$ExtendedBufferedReader#readLine():124;0.0
org.apache.commons.csv$ExtendedBufferedReader#readLine():127;0.0
org.apache.commons.csv$ExtendedBufferedReader#lookAhead():140;0.0
org.apache.commons.csv$ExtendedBufferedReader#lookAhead():141;0.0
org.apache.commons.csv$ExtendedBufferedReader#lookAhead():142;0.0
org.apache.commons.csv$ExtendedBufferedReader#lookAhead():144;0.0
org.apache.commons.csv$ExtendedBufferedReader#getCurrentLineNumber():154;0.0
org.apache.commons.csv$ExtendedBufferedReader#getCurrentLineNumber():155;0.0
org.apache.commons.csv$ExtendedBufferedReader#getCurrentLineNumber():157;0.0
org.apache.commons.csv$ExtendedBufferedReader#isClosed():161;0.0
org.apache.commons.csv$ExtendedBufferedReader#close():173;0.0
org.apache.commons.csv$ExtendedBufferedReader#close():174;0.0
org.apache.commons.csv$ExtendedBufferedReader#close():175;0.0
org.apache.commons.csv$ExtendedBufferedReader#close():176;0.0
org.apache.commons.csv$Token#reset():61;0.0
org.apache.commons.csv$Token#reset():62;0.0
org.apache.commons.csv$Token#reset():63;0.0
org.apache.commons.csv$Token#reset():64;0.0
org.apache.commons.csv$Token#toString():73;0.0
org.apache.commons.csv$CSVPrinter#CSVPrinter(java.lang.Appendable,org.apache.commons.csv.CSVFormat):58;0.0
org.apache.commons.csv$CSVPrinter#CSVPrinter(java.lang.Appendable,org.apache.commons.csv.CSVFormat):43;0.0
org.apache.commons.csv$CSVPrinter#CSVPrinter(java.lang.Appendable,org.apache.commons.csv.CSVFormat):59;0.0
org.apache.commons.csv$CSVPrinter#CSVPrinter(java.lang.Appendable,org.apache.commons.csv.CSVFormat):60;0.0
org.apache.commons.csv$CSVPrinter#CSVPrinter(java.lang.Appendable,org.apache.commons.csv.CSVFormat):62;0.0
org.apache.commons.csv$CSVPrinter#CSVPrinter(java.lang.Appendable,org.apache.commons.csv.CSVFormat):63;0.0
org.apache.commons.csv$CSVPrinter#CSVPrinter(java.lang.Appendable,org.apache.commons.csv.CSVFormat):64;0.0
org.apache.commons.csv$CSVPrinter#CSVPrinter(java.lang.Appendable,org.apache.commons.csv.CSVFormat):65;0.0
org.apache.commons.csv$CSVPrinter#println():78;0.0
org.apache.commons.csv$CSVPrinter#println():79;0.0
org.apache.commons.csv$CSVPrinter#println():80;0.0
org.apache.commons.csv$CSVPrinter#flush():89;0.0
org.apache.commons.csv$CSVPrinter#flush():90;0.0
org.apache.commons.csv$CSVPrinter#flush():92;0.0
org.apache.commons.csv$CSVPrinter#printRecord(java.lang.Object[]):104;0.0
org.apache.commons.csv$CSVPrinter#printRecord(java.lang.Object[]):105;0.0
org.apache.commons.csv$CSVPrinter#printRecord(java.lang.Object[]):107;0.0
org.apache.commons.csv$CSVPrinter#printRecord(java.lang.Object[]):108;0.0
org.apache.commons.csv$CSVPrinter#printRecord(java.lang.Iterable):120;0.0
org.apache.commons.csv$CSVPrinter#printRecord(java.lang.Iterable):121;0.0
org.apache.commons.csv$CSVPrinter#printRecord(java.lang.Iterable):122;0.0
org.apache.commons.csv$CSVPrinter#printRecord(java.lang.Iterable):123;0.0
org.apache.commons.csv$CSVPrinter#printRecord(java.lang.Iterable):124;0.0
org.apache.commons.csv$CSVPrinter#printComment(java.lang.String):139;0.0
org.apache.commons.csv$CSVPrinter#printComment(java.lang.String):140;0.0
org.apache.commons.csv$CSVPrinter#printComment(java.lang.String):142;0.0
org.apache.commons.csv$CSVPrinter#printComment(java.lang.String):143;0.0
org.apache.commons.csv$CSVPrinter#printComment(java.lang.String):145;0.0
org.apache.commons.csv$CSVPrinter#printComment(java.lang.String):146;0.0
org.apache.commons.csv$CSVPrinter#printComment(java.lang.String):147;0.0
org.apache.commons.csv$CSVPrinter#printComment(java.lang.String):148;0.0
org.apache.commons.csv$CSVPrinter#printComment(java.lang.String):149;0.0
org.apache.commons.csv$CSVPrinter#printComment(java.lang.String):151;0.0
org.apache.commons.csv$CSVPrinter#printComment(java.lang.String):152;0.0
org.apache.commons.csv$CSVPrinter#printComment(java.lang.String):156;0.0
org.apache.commons.csv$CSVPrinter#printComment(java.lang.String):157;0.0
org.apache.commons.csv$CSVPrinter#printComment(java.lang.String):158;0.0
org.apache.commons.csv$CSVPrinter#printComment(java.lang.String):159;0.0
org.apache.commons.csv$CSVPrinter#printComment(java.lang.String):161;0.0
org.apache.commons.csv$CSVPrinter#printComment(java.lang.String):165;0.0
org.apache.commons.csv$CSVPrinter#printComment(java.lang.String):166;0.0
org.apache.commons.csv$CSVPrinter#print(java.lang.Object,java.lang.CharSequence,int,int):170;0.0
org.apache.commons.csv$CSVPrinter#print(java.lang.Object,java.lang.CharSequence,int,int):171;0.0
org.apache.commons.csv$CSVPrinter#print(java.lang.Object,java.lang.CharSequence,int,int):173;0.0
org.apache.commons.csv$CSVPrinter#print(java.lang.Object,java.lang.CharSequence,int,int):175;0.0
org.apache.commons.csv$CSVPrinter#print(java.lang.Object,java.lang.CharSequence,int,int):176;0.0
org.apache.commons.csv$CSVPrinter#print(java.lang.Object,java.lang.CharSequence,int,int):177;0.0
org.apache.commons.csv$CSVPrinter#print(java.lang.Object,java.lang.CharSequence,int,int):179;0.0
org.apache.commons.csv$CSVPrinter#print(java.lang.Object,java.lang.CharSequence,int,int):181;0.0
org.apache.commons.csv$CSVPrinter#print(java.lang.Object,java.lang.CharSequence,int,int):182;0.0
org.apache.commons.csv$CSVPrinter#printAndEscape(java.lang.CharSequence,int,int):188;0.0
org.apache.commons.csv$CSVPrinter#printAndEscape(java.lang.CharSequence,int,int):189;0.0
org.apache.commons.csv$CSVPrinter#printAndEscape(java.lang.CharSequence,int,int):190;0.0
org.apache.commons.csv$CSVPrinter#printAndEscape(java.lang.CharSequence,int,int):192;0.0
org.apache.commons.csv$CSVPrinter#printAndEscape(java.lang.CharSequence,int,int):193;0.0
org.apache.commons.csv$CSVPrinter#printAndEscape(java.lang.CharSequence,int,int):195;0.0
org.apache.commons.csv$CSVPrinter#printAndEscape(java.lang.CharSequence,int,int):196;0.0
org.apache.commons.csv$CSVPrinter#printAndEscape(java.lang.CharSequence,int,int):197;0.0
org.apache.commons.csv$CSVPrinter#printAndEscape(java.lang.CharSequence,int,int):199;0.0
org.apache.commons.csv$CSVPrinter#printAndEscape(java.lang.CharSequence,int,int):200;0.0
org.apache.commons.csv$CSVPrinter#printAndEscape(java.lang.CharSequence,int,int):202;0.0
org.apache.commons.csv$CSVPrinter#printAndEscape(java.lang.CharSequence,int,int):203;0.0
org.apache.commons.csv$CSVPrinter#printAndEscape(java.lang.CharSequence,int,int):204;0.0
org.apache.commons.csv$CSVPrinter#printAndEscape(java.lang.CharSequence,int,int):205;0.0
org.apache.commons.csv$CSVPrinter#printAndEscape(java.lang.CharSequence,int,int):208;0.0
org.apache.commons.csv$CSVPrinter#printAndEscape(java.lang.CharSequence,int,int):209;0.0
org.apache.commons.csv$CSVPrinter#printAndEscape(java.lang.CharSequence,int,int):211;0.0
org.apache.commons.csv$CSVPrinter#printAndEscape(java.lang.CharSequence,int,int):214;0.0
org.apache.commons.csv$CSVPrinter#printAndEscape(java.lang.CharSequence,int,int):215;0.0
org.apache.commons.csv$CSVPrinter#printAndEscape(java.lang.CharSequence,int,int):218;0.0
org.apache.commons.csv$CSVPrinter#printAndEscape(java.lang.CharSequence,int,int):219;0.0
org.apache.commons.csv$CSVPrinter#printAndEscape(java.lang.CharSequence,int,int):221;0.0
org.apache.commons.csv$CSVPrinter#printAndQuote(java.lang.Object,java.lang.CharSequence,int,int):229;0.0
org.apache.commons.csv$CSVPrinter#printAndQuote(java.lang.Object,java.lang.CharSequence,int,int):230;0.0
org.apache.commons.csv$CSVPrinter#printAndQuote(java.lang.Object,java.lang.CharSequence,int,int):231;0.0
org.apache.commons.csv$CSVPrinter#printAndQuote(java.lang.Object,java.lang.CharSequence,int,int):232;0.0
org.apache.commons.csv$CSVPrinter#printAndQuote(java.lang.Object,java.lang.CharSequence,int,int):234;0.0
org.apache.commons.csv$CSVPrinter#printAndQuote(java.lang.Object,java.lang.CharSequence,int,int):235;0.0
org.apache.commons.csv$CSVPrinter#printAndQuote(java.lang.Object,java.lang.CharSequence,int,int):237;0.0
org.apache.commons.csv$CSVPrinter#printAndQuote(java.lang.Object,java.lang.CharSequence,int,int):238;0.0
org.apache.commons.csv$CSVPrinter#printAndQuote(java.lang.Object,java.lang.CharSequence,int,int):239;0.0
org.apache.commons.csv$CSVPrinter#printAndQuote(java.lang.Object,java.lang.CharSequence,int,int):241;0.0
org.apache.commons.csv$CSVPrinter#printAndQuote(java.lang.Object,java.lang.CharSequence,int,int):243;0.0
org.apache.commons.csv$CSVPrinter#printAndQuote(java.lang.Object,java.lang.CharSequence,int,int):244;0.0
org.apache.commons.csv$CSVPrinter#printAndQuote(java.lang.Object,java.lang.CharSequence,int,int):246;0.0
org.apache.commons.csv$CSVPrinter#printAndQuote(java.lang.Object,java.lang.CharSequence,int,int):247;0.0
org.apache.commons.csv$CSVPrinter#printAndQuote(java.lang.Object,java.lang.CharSequence,int,int):250;0.0
org.apache.commons.csv$CSVPrinter#printAndQuote(java.lang.Object,java.lang.CharSequence,int,int):251;0.0
org.apache.commons.csv$CSVPrinter#printAndQuote(java.lang.Object,java.lang.CharSequence,int,int):253;0.0
org.apache.commons.csv$CSVPrinter#printAndQuote(java.lang.Object,java.lang.CharSequence,int,int):258;0.0
org.apache.commons.csv$CSVPrinter#printAndQuote(java.lang.Object,java.lang.CharSequence,int,int):259;0.0
org.apache.commons.csv$CSVPrinter#printAndQuote(java.lang.Object,java.lang.CharSequence,int,int):262;0.0
org.apache.commons.csv$CSVPrinter#printAndQuote(java.lang.Object,java.lang.CharSequence,int,int):265;0.0
org.apache.commons.csv$CSVPrinter#printAndQuote(java.lang.Object,java.lang.CharSequence,int,int):266;0.0
org.apache.commons.csv$CSVPrinter#printAndQuote(java.lang.Object,java.lang.CharSequence,int,int):268;0.0
org.apache.commons.csv$CSVPrinter#printAndQuote(java.lang.Object,java.lang.CharSequence,int,int):272;0.0
org.apache.commons.csv$CSVPrinter#printAndQuote(java.lang.Object,java.lang.CharSequence,int,int):274;0.0
org.apache.commons.csv$CSVPrinter#printAndQuote(java.lang.Object,java.lang.CharSequence,int,int):275;0.0
org.apache.commons.csv$CSVPrinter#printAndQuote(java.lang.Object,java.lang.CharSequence,int,int):276;0.0
org.apache.commons.csv$CSVPrinter#printAndQuote(java.lang.Object,java.lang.CharSequence,int,int):277;0.0
org.apache.commons.csv$CSVPrinter#printAndQuote(java.lang.Object,java.lang.CharSequence,int,int):278;0.0
org.apache.commons.csv$CSVPrinter#printAndQuote(java.lang.Object,java.lang.CharSequence,int,int):280;0.0
org.apache.commons.csv$CSVPrinter#printAndQuote(java.lang.Object,java.lang.CharSequence,int,int):283;0.0
org.apache.commons.csv$CSVPrinter#printAndQuote(java.lang.Object,java.lang.CharSequence,int,int):284;0.0
org.apache.commons.csv$CSVPrinter#printAndQuote(java.lang.Object,java.lang.CharSequence,int,int):285;0.0
org.apache.commons.csv$CSVPrinter#printAndQuote(java.lang.Object,java.lang.CharSequence,int,int):289;0.0
org.apache.commons.csv$CSVPrinter#printAndQuote(java.lang.Object,java.lang.CharSequence,int,int):290;0.0
org.apache.commons.csv$CSVPrinter#printAndQuote(java.lang.Object,java.lang.CharSequence,int,int):296;0.0
org.apache.commons.csv$CSVPrinter#printAndQuote(java.lang.Object,java.lang.CharSequence,int,int):298;0.0
org.apache.commons.csv$CSVPrinter#printAndQuote(java.lang.Object,java.lang.CharSequence,int,int):299;0.0
org.apache.commons.csv$CSVPrinter#printAndQuote(java.lang.Object,java.lang.CharSequence,int,int):304;0.0
org.apache.commons.csv$CSVPrinter#printAndQuote(java.lang.Object,java.lang.CharSequence,int,int):306;0.0
org.apache.commons.csv$CSVPrinter#printAndQuote(java.lang.Object,java.lang.CharSequence,int,int):307;0.0
org.apache.commons.csv$CSVPrinter#printAndQuote(java.lang.Object,java.lang.CharSequence,int,int):311;0.0
org.apache.commons.csv$CSVPrinter#printAndQuote(java.lang.Object,java.lang.CharSequence,int,int):315;0.0
org.apache.commons.csv$CSVPrinter#printAndQuote(java.lang.Object,java.lang.CharSequence,int,int):316;0.0
org.apache.commons.csv$CSVPrinter#printAndQuote(java.lang.Object,java.lang.CharSequence,int,int):317;0.0
org.apache.commons.csv$CSVPrinter#printAndQuote(java.lang.Object,java.lang.CharSequence,int,int):321;0.0
org.apache.commons.csv$CSVPrinter#printAndQuote(java.lang.Object,java.lang.CharSequence,int,int):324;0.0
org.apache.commons.csv$CSVPrinter#printAndQuote(java.lang.Object,java.lang.CharSequence,int,int):326;0.0
org.apache.commons.csv$CSVPrinter#printAndQuote(java.lang.Object,java.lang.CharSequence,int,int):327;0.0
org.apache.commons.csv$CSVPrinter#printAndQuote(java.lang.Object,java.lang.CharSequence,int,int):330;0.0
org.apache.commons.csv$CSVPrinter#printAndQuote(java.lang.Object,java.lang.CharSequence,int,int):331;0.0
org.apache.commons.csv$CSVPrinter#printAndQuote(java.lang.Object,java.lang.CharSequence,int,int):332;0.0
org.apache.commons.csv$CSVPrinter#print(java.lang.Object):345;0.0
org.apache.commons.csv$CSVPrinter#print(java.lang.Object):346;0.0
org.apache.commons.csv$CSVPrinter#print(java.lang.Object):347;0.0
org.apache.commons.csv$CSVPrinter#print(java.lang.Object):348;0.0
org.apache.commons.csv$CSVPrinter#print(java.lang.Object):349;0.0
org.apache.commons.csv$CSVPrinter#print(java.lang.Object):351;0.0
org.apache.commons.csv$CSVPrinter#print(java.lang.Object):352;0.0
org.apache.commons.csv$CSVPrinter#printRecords(java.lang.Object[]):363;0.0
org.apache.commons.csv$CSVPrinter#printRecords(java.lang.Object[]):364;0.0
org.apache.commons.csv$CSVPrinter#printRecords(java.lang.Object[]):365;0.0
org.apache.commons.csv$CSVPrinter#printRecords(java.lang.Object[]):366;0.0
org.apache.commons.csv$CSVPrinter#printRecords(java.lang.Object[]):367;0.0
org.apache.commons.csv$CSVPrinter#printRecords(java.lang.Object[]):369;0.0
org.apache.commons.csv$CSVPrinter#printRecords(java.lang.Object[]):372;0.0
org.apache.commons.csv$CSVPrinter#printRecords(java.lang.Iterable):383;0.0
org.apache.commons.csv$CSVPrinter#printRecords(java.lang.Iterable):384;0.0
org.apache.commons.csv$CSVPrinter#printRecords(java.lang.Iterable):385;0.0
org.apache.commons.csv$CSVPrinter#printRecords(java.lang.Iterable):386;0.0
org.apache.commons.csv$CSVPrinter#printRecords(java.lang.Iterable):387;0.0
org.apache.commons.csv$CSVPrinter#printRecords(java.lang.Iterable):389;0.0
org.apache.commons.csv$CSVPrinter#printRecords(java.lang.Iterable):391;0.0
org.apache.commons.csv$CSVPrinter#printRecords(java.lang.Iterable):392;0.0
org.apache.commons.csv$CSVPrinter#printRecords(java.sql.ResultSet):404;0.0
org.apache.commons.csv$CSVPrinter#printRecords(java.sql.ResultSet):405;0.0
org.apache.commons.csv$CSVPrinter#printRecords(java.sql.ResultSet):406;0.0
org.apache.commons.csv$CSVPrinter#printRecords(java.sql.ResultSet):407;0.0
org.apache.commons.csv$CSVPrinter#printRecords(java.sql.ResultSet):409;0.0
org.apache.commons.csv$CSVPrinter#printRecords(java.sql.ResultSet):411;0.0
org.apache.commons.csv$CSVPrinter#close():414;0.0
org.apache.commons.csv$CSVPrinter#close():415;0.0
org.apache.commons.csv$CSVPrinter#close():417;0.0
org.apache.commons.csv$Assertions#Assertions():27;0.0
org.apache.commons.csv$Assertions#Assertions():29;0.0
org.apache.commons.csv$Assertions#notNull(java.lang.Object,java.lang.String):33;0.0
org.apache.commons.csv$CSVPrinter$1#<clinit>():241;0.0
org.apache.commons.csv$CSVParser#parse(java.io.File,org.apache.commons.csv.CSVFormat):149;0.0
org.apache.commons.csv$CSVParser#parse(java.io.File,org.apache.commons.csv.CSVFormat):150;0.0
org.apache.commons.csv$CSVParser#parse(java.io.File,org.apache.commons.csv.CSVFormat):152;0.0
org.apache.commons.csv$CSVParser#parse(java.net.URL,java.nio.charset.Charset,org.apache.commons.csv.CSVFormat):196;0.0
org.apache.commons.csv$CSVParser#parse(java.net.URL,java.nio.charset.Charset,org.apache.commons.csv.CSVFormat):197;0.0
org.apache.commons.csv$CSVParser#parse(java.net.URL,java.nio.charset.Charset,org.apache.commons.csv.CSVFormat):198;0.0
org.apache.commons.csv$CSVParser#parse(java.net.URL,java.nio.charset.Charset,org.apache.commons.csv.CSVFormat):200;0.0
org.apache.commons.csv$CSVParser#addRecordValue():248;0.0
org.apache.commons.csv$CSVParser#addRecordValue():249;0.0
org.apache.commons.csv$CSVParser#addRecordValue():250;0.0
org.apache.commons.csv$CSVParser#addRecordValue():251;0.0
org.apache.commons.csv$CSVParser#addRecordValue():253;0.0
org.apache.commons.csv$CSVParser#addRecordValue():255;0.0
org.apache.commons.csv$CSVParser#close():264;0.0
org.apache.commons.csv$CSVParser#close():265;0.0
org.apache.commons.csv$CSVParser#close():267;0.0
org.apache.commons.csv$CSVParser#getCurrentLineNumber():277;0.0
org.apache.commons.csv$CSVParser#getRecordNumber():299;0.0
org.apache.commons.csv$CSVParser#getRecords():313;0.0
org.apache.commons.csv$CSVParser#getRecords():315;0.0
org.apache.commons.csv$CSVParser#getRecords():316;0.0
org.apache.commons.csv$CSVParser#getRecords():318;0.0
org.apache.commons.csv$CSVParser#initializeHeader():328;0.0
org.apache.commons.csv$CSVParser#initializeHeader():330;0.0
org.apache.commons.csv$CSVParser#initializeHeader():331;0.0
org.apache.commons.csv$CSVParser#initializeHeader():333;0.0
org.apache.commons.csv$CSVParser#initializeHeader():334;0.0
org.apache.commons.csv$CSVParser#initializeHeader():335;0.0
org.apache.commons.csv$CSVParser#initializeHeader():337;0.0
org.apache.commons.csv$CSVParser#initializeHeader():338;0.0
org.apache.commons.csv$CSVParser#initializeHeader():339;0.0
org.apache.commons.csv$CSVParser#initializeHeader():341;0.0
org.apache.commons.csv$CSVParser#initializeHeader():345;0.0
org.apache.commons.csv$CSVParser#initializeHeader():346;0.0
org.apache.commons.csv$CSVParser#initializeHeader():347;0.0
org.apache.commons.csv$CSVParser#isClosed():355;0.0
org.apache.commons.csv$CSVParser#iterator():367;0.0
org.apache.commons.csv$CSVParser#nextRecord():422;0.0
org.apache.commons.csv$CSVParser#nextRecord():423;0.0
org.apache.commons.csv$CSVParser#nextRecord():424;0.0
org.apache.commons.csv$CSVParser#nextRecord():426;0.0
org.apache.commons.csv$CSVParser#nextRecord():427;0.0
org.apache.commons.csv$CSVParser#nextRecord():428;0.0
org.apache.commons.csv$CSVParser#nextRecord():430;0.0
org.apache.commons.csv$CSVParser#nextRecord():431;0.0
org.apache.commons.csv$CSVParser#nextRecord():433;0.0
org.apache.commons.csv$CSVParser#nextRecord():434;0.0
org.apache.commons.csv$CSVParser#nextRecord():436;0.0
org.apache.commons.csv$CSVParser#nextRecord():437;0.0
org.apache.commons.csv$CSVParser#nextRecord():441;0.0
org.apache.commons.csv$CSVParser#nextRecord():443;0.0
org.apache.commons.csv$CSVParser#nextRecord():444;0.0
org.apache.commons.csv$CSVParser#nextRecord():446;0.0
org.apache.commons.csv$CSVParser#nextRecord():448;0.0
org.apache.commons.csv$CSVParser#nextRecord():449;0.0
org.apache.commons.csv$CSVParser#nextRecord():452;0.0
org.apache.commons.csv$CSVParser#nextRecord():454;0.0
org.apache.commons.csv$CSVParser#nextRecord():455;0.0
org.apache.commons.csv$CSVParser#nextRecord():456;0.0
org.apache.commons.csv$CSVParser#nextRecord():457;0.0
org.apache.commons.csv$CSVParser#nextRecord():460;0.0
org.apache.commons.csv$CSVParser$1#getNextRecord():372;0.0
org.apache.commons.csv$CSVParser$1#getNextRecord():373;0.0
org.apache.commons.csv$CSVParser$1#getNextRecord():375;0.0
org.apache.commons.csv$CSVParser$1#hasNext():380;0.0
org.apache.commons.csv$CSVParser$1#hasNext():381;0.0
org.apache.commons.csv$CSVParser$1#hasNext():383;0.0
org.apache.commons.csv$CSVParser$1#hasNext():384;0.0
org.apache.commons.csv$CSVParser$1#hasNext():387;0.0
org.apache.commons.csv$CSVParser$1#next():391;0.0
org.apache.commons.csv$CSVParser$1#next():392;0.0
org.apache.commons.csv$CSVParser$1#next():394;0.0
org.apache.commons.csv$CSVParser$1#next():395;0.0
org.apache.commons.csv$CSVParser$1#next():397;0.0
org.apache.commons.csv$CSVParser$1#next():399;0.0
org.apache.commons.csv$CSVParser$1#next():400;0.0
org.apache.commons.csv$CSVParser$1#next():401;0.0
org.apache.commons.csv$CSVParser$1#next():405;0.0
org.apache.commons.csv$CSVParser$1#remove():409;0.0
org.apache.commons.csv$CSVParser$2#<clinit>():428;0.0
org.apache.commons.csv$CSVRecord#CSVRecord(java.lang.String[],java.util.Map,java.lang.String,long):49;0.0
org.apache.commons.csv$CSVRecord#CSVRecord(java.lang.String[],java.util.Map,java.lang.String,long):50;0.0
org.apache.commons.csv$CSVRecord#CSVRecord(java.lang.String[],java.util.Map,java.lang.String,long):51;0.0
org.apache.commons.csv$CSVRecord#CSVRecord(java.lang.String[],java.util.Map,java.lang.String,long):52;0.0
org.apache.commons.csv$CSVRecord#CSVRecord(java.lang.String[],java.util.Map,java.lang.String,long):53;0.0
org.apache.commons.csv$CSVRecord#CSVRecord(java.lang.String[],java.util.Map,java.lang.String,long):54;0.0
org.apache.commons.csv$CSVRecord#<clinit>():32;0.0
org.apache.commons.csv$CSVRecord#get(java.lang.Enum):64;0.0
org.apache.commons.csv$CSVRecord#get(int):75;0.0
org.apache.commons.csv$CSVRecord#get(java.lang.String):92;0.0
org.apache.commons.csv$CSVRecord#get(java.lang.String):93;0.0
org.apache.commons.csv$CSVRecord#get(java.lang.String):96;0.0
org.apache.commons.csv$CSVRecord#get(java.lang.String):97;0.0
org.apache.commons.csv$CSVRecord#get(java.lang.String):98;0.0
org.apache.commons.csv$CSVRecord#get(java.lang.String):102;0.0
org.apache.commons.csv$CSVRecord#get(java.lang.String):103;0.0
org.apache.commons.csv$CSVRecord#get(java.lang.String):104;0.0
org.apache.commons.csv$CSVRecord#getComment():117;0.0
org.apache.commons.csv$CSVRecord#getRecordNumber():126;0.0
org.apache.commons.csv$CSVRecord#isConsistent():136;0.0
org.apache.commons.csv$CSVRecord#isMapped(java.lang.String):147;0.0
org.apache.commons.csv$CSVRecord#isSet(java.lang.String):158;0.0
org.apache.commons.csv$CSVRecord#iterator():167;0.0
org.apache.commons.csv$CSVRecord#size():176;0.0
org.apache.commons.csv$CSVRecord#toString():181;0.0
org.apache.commons.csv$CSVRecord#values():185;0.0
